cbsa_code,short_name,name,primary_state_fips,primary_state_abbr,states
10180,Abilene,"Abilene, TX",48,TX,TX
10380,Aguadilla,"Aguadilla, PR",72,PR,PR
10420,Akron,"Akron, OH",39,OH,OH
10500,Albany,"Albany, GA",13,GA,GA
10540,Albany,"Albany, OR",41,OR,OR
10580,Albany-Schenectady-Troy,"Albany-Schenectady-Troy, NY",36,NY,NY
10740,Albuquerque,"Albuquerque, NM",35,NM,NM
10780,Alexandria,"Alexandria, LA",22,LA,LA
10900,Allentown-Bethlehem-Easton,"Allentown-Bethlehem-Easton, PA-NJ",42,PA,PA|NJ
11020,Altoona,"Altoona, PA",42,PA,PA
11100,Amarillo,"Amarillo, TX",48,TX,TX
11180,Ames,"Ames, IA",19,IA,IA
11200,Amherst Town-Northampton,"Amherst Town-Northampton, MA",25,MA,MA
11260,Anchorage,"Anchorage, AK",02,AK,AK
11460,Ann Arbor,"Ann Arbor, MI",26,MI,MI
11500,Anniston-Oxford,"Anniston-Oxford, AL",01,AL,AL
11540,Appleton,"Appleton, WI",55,WI,WI
11640,Arecibo,"Arecibo, PR",72,PR,PR
11700,Asheville,"Asheville, NC",37,NC,NC
12020,Athens-Clarke County,"Athens-Clarke County, GA",13,GA,GA
12060,Atlanta-Sandy Springs-Roswell,"Atlanta-Sandy Springs-Roswell, GA",13,GA,GA
12100,Atlantic City-Hammonton,"Atlantic City-Hammonton, NJ",34,NJ,NJ
12220,Auburn-Opelika,"Auburn-Opelika, AL",01,AL,AL
12260,Augusta-Richmond County,"Augusta-Richmond County, GA-SC",13,GA,GA|SC
12420,Austin-Round Rock-San Marcos,"Austin-Round Rock-San Marcos, TX",48,TX,TX
12540,Bakersfield-Delano,"Bakersfield-Delano, CA",06,CA,CA
12580,Baltimore-Columbia-Towson,"Baltimore-Columbia-Towson, MD",24,MD,MD
12620,Bangor,"Bangor, ME",23,ME,ME
12700,Barnstable Town,"Barnstable Town, MA",25,MA,MA
12940,Baton Rouge,"Baton Rouge, LA",22,LA,LA
12980,Battle Creek,"Battle Creek, MI",26,MI,MI
13020,Bay City,"Bay City, MI",26,MI,MI
13140,Beaumont-Port Arthur,"Beaumont-Port Arthur, TX",48,TX,TX
13220,Beckley,"Beckley, WV",54,WV,WV
13380,Bellingham,"Bellingham, WA",53,WA,WA
13460,Bend,"Bend, OR",41,OR,OR
13740,Billings,"Billings, MT",30,MT,MT
13780,Binghamton,"Binghamton, NY",36,NY,NY
13820,Birmingham,"Birmingham, AL",01,AL,AL
13900,Bismarck,"Bismarck, ND",38,ND,ND
13980,Blacksburg-Christiansburg-Radford,"Blacksburg-Christiansburg-Radford, VA",51,VA,VA
14010,Bloomington,"Bloomington, IL",17,IL,IL
14020,Bloomington,"Bloomington, IN",18,IN,IN
14260,Boise City,"Boise City, ID",16,ID,ID
14460,Boston-Cambridge-Newton,"Boston-Cambridge-Newton, MA-NH",25,MA,MA|NH
14500,Boulder,"Boulder, CO",08,CO,CO
14540,Bowling Green,"Bowling Green, KY",21,KY,KY
14580,Bozeman,"Bozeman, MT",30,MT,MT
14740,Bremerton-Silverdale-Port Orchard,"Bremerton-Silverdale-Port Orchard, WA",53,WA,WA
14860,Bridgeport-Stamford-Danbury,"Bridgeport-Stamford-Danbury, CT",09,CT,CT
15180,Brownsville-Harlingen,"Brownsville-Harlingen, TX",48,TX,TX
15260,Brunswick-St. Simons,"Brunswick-St. Simons, GA",13,GA,GA
15380,Buffalo-Cheektowaga,"Buffalo-Cheektowaga, NY",36,NY,NY
15500,Burlington,"Burlington, NC",37,NC,NC
15540,Burlington-South Burlington,"Burlington-South Burlington, VT",50,VT,VT
15940,Canton-Massillon,"Canton-Massillon, OH",39,OH,OH
15980,Cape Coral-Fort Myers,"Cape Coral-Fort Myers, FL",12,FL,FL
16020,Cape Girardeau,"Cape Girardeau, MO-IL",29,MO,MO|IL
16180,Carson City,"Carson City, NV",32,NV,NV
16220,Casper,"Casper, WY",56,WY,WY
16300,Cedar Rapids,"Cedar Rapids, IA",19,IA,IA
16540,Chambersburg,"Chambersburg, PA",42,PA,PA
16580,Champaign-Urbana,"Champaign-Urbana, IL",17,IL,IL
16620,Charleston,"Charleston, WV",54,WV,WV
16700,Charleston-North Charleston,"Charleston-North Charleston, SC",45,SC,SC
16740,Charlotte-Concord-Gastonia,"Charlotte-Concord-Gastonia, NC-SC",37,NC,NC|SC
16820,Charlottesville,"Charlottesville, VA",51,VA,VA
16860,Chattanooga,"Chattanooga, TN-GA",47,TN,TN|GA
16940,Cheyenne,"Cheyenne, WY",56,WY,WY
16980,Chicago-Naperville-Elgin,"Chicago-Naperville-Elgin, IL-IN",17,IL,IL|IN
17020,Chico,"Chico, CA",06,CA,CA
17140,Cincinnati,"Cincinnati, OH-KY-IN",39,OH,OH|KY|IN
17300,Clarksville,"Clarksville, TN-KY",47,TN,TN|KY
17410,Cleveland,"Cleveland, OH",39,OH,OH
17420,Cleveland,"Cleveland, TN",47,TN,TN
17660,Coeur d'Alene,"Coeur d'Alene, ID",16,ID,ID
17780,College Station-Bryan,"College Station-Bryan, TX",48,TX,TX
17820,Colorado Springs,"Colorado Springs, CO",08,CO,CO
17860,Columbia,"Columbia, MO",29,MO,MO
17900,Columbia,"Columbia, SC",45,SC,SC
17980,Columbus,"Columbus, GA-AL",13,GA,GA|AL
18020,Columbus,"Columbus, IN",18,IN,IN
18140,Columbus,"Columbus, OH",39,OH,OH
18580,Corpus Christi,"Corpus Christi, TX",48,TX,TX
18700,Corvallis,"Corvallis, OR",41,OR,OR
18880,Crestview-Fort Walton Beach-Destin,"Crestview-Fort Walton Beach-Destin, FL",12,FL,FL
19100,Dallas-Fort Worth-Arlington,"Dallas-Fort Worth-Arlington, TX",48,TX,TX
19140,Dalton,"Dalton, GA",13,GA,GA
19300,Daphne-Fairhope-Foley,"Daphne-Fairhope-Foley, AL",01,AL,AL
19340,Davenport-Moline-Rock Island,"Davenport-Moline-Rock Island, IA-IL",19,IA,IA|IL
19430,Dayton-Kettering-Beavercreek,"Dayton-Kettering-Beavercreek, OH",39,OH,OH
19460,Decatur,"Decatur, AL",01,AL,AL
19500,Decatur,"Decatur, IL",17,IL,IL
19660,Deltona-Daytona Beach-Ormond Beach,"Deltona-Daytona Beach-Ormond Beach, FL",12,FL,FL
19740,Denver-Aurora-Centennial,"Denver-Aurora-Centennial, CO",08,CO,CO
19780,Des Moines-West Des Moines,"Des Moines-West Des Moines, IA",19,IA,IA
19820,Detroit-Warren-Dearborn,"Detroit-Warren-Dearborn, MI",26,MI,MI
20020,Dothan,"Dothan, AL",01,AL,AL
20100,Dover,"Dover, DE",10,DE,DE
20220,Dubuque,"Dubuque, IA",19,IA,IA
20260,Duluth,"Duluth, MN-WI",27,MN,MN|WI
20500,Durham-Chapel Hill,"Durham-Chapel Hill, NC",37,NC,NC
20580,Eagle Pass,"Eagle Pass, TX",48,TX,TX
20740,Eau Claire,"Eau Claire, WI",55,WI,WI
20940,El Centro,"El Centro, CA",06,CA,CA
21060,Elizabethtown,"Elizabethtown, KY",21,KY,KY
21140,Elkhart-Goshen,"Elkhart-Goshen, IN",18,IN,IN
21300,Elmira,"Elmira, NY",36,NY,NY
21340,El Paso,"El Paso, TX",48,TX,TX
21420,Enid,"Enid, OK",40,OK,OK
21500,Erie,"Erie, PA",42,PA,PA
21660,Eugene-Springfield,"Eugene-Springfield, OR",41,OR,OR
21780,Evansville,"Evansville, IN",18,IN,IN
21820,Fairbanks-College,"Fairbanks-College, AK",02,AK,AK
22020,Fargo,"Fargo, ND-MN",38,ND,ND|MN
22140,Farmington,"Farmington, NM",35,NM,NM
22180,Fayetteville,"Fayetteville, NC",37,NC,NC
22220,Fayetteville-Springdale-Rogers,"Fayetteville-Springdale-Rogers, AR",05,AR,AR
22380,Flagstaff,"Flagstaff, AZ",04,AZ,AZ
22420,Flint,"Flint, MI",26,MI,MI
22500,Florence,"Florence, SC",45,SC,SC
22520,Florence-Muscle Shoals,"Florence-Muscle Shoals, AL",01,AL,AL
22540,Fond du Lac,"Fond du Lac, WI",55,WI,WI
22660,Fort Collins-Loveland,"Fort Collins-Loveland, CO",08,CO,CO
22900,Fort Smith,"Fort Smith, AR-OK",05,AR,AR|OK
23060,Fort Wayne,"Fort Wayne, IN",18,IN,IN
23420,Fresno,"Fresno, CA",06,CA,CA
23460,Gadsden,"Gadsden, AL",01,AL,AL
23540,Gainesville,"Gainesville, FL",12,FL,FL
23580,Gainesville,"Gainesville, GA",13,GA,GA
23900,Gettysburg,"Gettysburg, PA",42,PA,PA
24020,Glens Falls,"Glens Falls, NY",36,NY,NY
24140,Goldsboro,"Goldsboro, NC",37,NC,NC
24220,Grand Forks,"Grand Forks, ND-MN",38,ND,ND|MN
24260,Grand Island,"Grand Island, NE",31,NE,NE
24300,Grand Junction,"Grand Junction, CO",08,CO,CO
24340,Grand Rapids-Wyoming-Kentwood,"Grand Rapids-Wyoming-Kentwood, MI",26,MI,MI
24420,Grants Pass,"Grants Pass, OR",41,OR,OR
24500,Great Falls,"Great Falls, MT",30,MT,MT
24540,Greeley,"Greeley, CO",08,CO,CO
24580,Green Bay,"Green Bay, WI",55,WI,WI
24660,Greensboro-High Point,"Greensboro-High Point, NC",37,NC,NC
24780,Greenville,"Greenville, NC",37,NC,NC
24860,Greenville-Anderson-Greer,"Greenville-Anderson-Greer, SC",45,SC,SC
25020,Guayama,"Guayama, PR",72,PR,PR
25060,Gulfport-Biloxi,"Gulfport-Biloxi, MS",28,MS,MS
25180,Hagerstown-Martinsburg,"Hagerstown-Martinsburg, MD-WV",24,MD,MD|WV
25220,Hammond,"Hammond, LA",22,LA,LA
25260,Hanford-Corcoran,"Hanford-Corcoran, CA",06,CA,CA
25420,Harrisburg-Carlisle,"Harrisburg-Carlisle, PA",42,PA,PA
25500,Harrisonburg,"Harrisonburg, VA",51,VA,VA
25540,Hartford-West Hartford-East Hartford,"Hartford-West Hartford-East Hartford, CT",09,CT,CT
25620,Hattiesburg,"Hattiesburg, MS",28,MS,MS
25740,Helena,"Helena, MT",30,MT,MT
25860,Hickory-Lenoir-Morganton,"Hickory-Lenoir-Morganton, NC",37,NC,NC
25940,Hilton Head Island-Bluffton-Port Royal,"Hilton Head Island-Bluffton-Port Royal, SC",45,SC,SC
25980,Hinesville,"Hinesville, GA",13,GA,GA
26140,Homosassa Springs,"Homosassa Springs, FL",12,FL,FL
26300,Hot Springs,"Hot Springs, AR",05,AR,AR
26380,Houma-Bayou Cane-Thibodaux,"Houma-Bayou Cane-Thibodaux, LA",22,LA,LA
26420,Houston-Pasadena-The Woodlands,"Houston-Pasadena-The Woodlands, TX",48,TX,TX
26580,Huntington-Ashland,"Huntington-Ashland, WV-KY-OH",54,WV,WV|KY|OH
26620,Huntsville,"Huntsville, AL",01,AL,AL
26820,Idaho Falls,"Idaho Falls, ID",16,ID,ID
26900,Indianapolis-Carmel-Greenwood,"Indianapolis-Carmel-Greenwood, IN",18,IN,IN
26980,Iowa City,"Iowa City, IA",19,IA,IA
27060,Ithaca,"Ithaca, NY",36,NY,NY
27100,Jackson,"Jackson, MI",26,MI,MI
27140,Jackson,"Jackson, MS",28,MS,MS
27180,Jackson,"Jackson, TN",47,TN,TN
27260,Jacksonville,"Jacksonville, FL",12,FL,FL
27340,Jacksonville,"Jacksonville, NC",37,NC,NC
27500,Janesville-Beloit,"Janesville-Beloit, WI",55,WI,WI
27620,Jefferson City,"Jefferson City, MO",29,MO,MO
27740,Johnson City,"Johnson City, TN",47,TN,TN
27780,Johnstown,"Johnstown, PA",42,PA,PA
27860,Jonesboro,"Jonesboro, AR",05,AR,AR
27900,Joplin,"Joplin, MO-KS",29,MO,MO|KS
27980,Kahului-Wailuku,"Kahului-Wailuku, HI",15,HI,HI
28020,Kalamazoo-Portage,"Kalamazoo-Portage, MI",26,MI,MI
28100,Kankakee,"Kankakee, IL",17,IL,IL
28140,Kansas City,"Kansas City, MO-KS",29,MO,MO|KS
28420,Kennewick-Richland,"Kennewick-Richland, WA",53,WA,WA
28450,Kenosha,"Kenosha, WI",55,WI,WI
28660,Killeen-Temple,"Killeen-Temple, TX",48,TX,TX
28700,Kingsport-Bristol,"Kingsport-Bristol, TN-VA",47,TN,TN|VA
28740,Kingston,"Kingston, NY",36,NY,NY
28880,Kiryas Joel-Poughkeepsie-Newburgh,"Kiryas Joel-Poughkeepsie-Newburgh, NY",36,NY,NY
28940,Knoxville,"Knoxville, TN",47,TN,TN
29020,Kokomo,"Kokomo, IN",18,IN,IN
29100,La Crosse-Onalaska,"La Crosse-Onalaska, WI-MN",55,WI,WI|MN
29180,Lafayette,"Lafayette, LA",22,LA,LA
29200,Lafayette-West Lafayette,"Lafayette-West Lafayette, IN",18,IN,IN
29340,Lake Charles,"Lake Charles, LA",22,LA,LA
29420,Lake Havasu City-Kingman,"Lake Havasu City-Kingman, AZ",04,AZ,AZ
29460,Lakeland-Winter Haven,"Lakeland-Winter Haven, FL",12,FL,FL
29540,Lancaster,"Lancaster, PA",42,PA,PA
29620,Lansing-East Lansing,"Lansing-East Lansing, MI",26,MI,MI
29700,Laredo,"Laredo, TX",48,TX,TX
29740,Las Cruces,"Las Cruces, NM",35,NM,NM
29820,Las Vegas-Henderson-North Las Vegas,"Las Vegas-Henderson-North Las Vegas, NV",32,NV,NV
29940,Lawrence,"Lawrence, KS",20,KS,KS
30020,Lawton,"Lawton, OK",40,OK,OK
30140,Lebanon,"Lebanon, PA",42,PA,PA
30300,Lewiston,"Lewiston, ID-WA",16,ID,ID|WA
30340,Lewiston-Auburn,"Lewiston-Auburn, ME",23,ME,ME
30460,Lexington-Fayette,"Lexington-Fayette, KY",21,KY,KY
30500,Lexington Park,"Lexington Park, MD",24,MD,MD
30620,Lima,"Lima, OH",39,OH,OH
30700,Lincoln,"Lincoln, NE",31,NE,NE
30780,Little Rock-North Little Rock-Conway,"Little Rock-North Little Rock-Conway, AR",05,AR,AR
30860,Logan,"Logan, UT-ID",49,UT,UT|ID
30980,Longview,"Longview, TX",48,TX,TX
31020,Longview-Kelso,"Longview-Kelso, WA",53,WA,WA
31080,Los Angeles-Long Beach-Anaheim,"Los Angeles-Long Beach-Anaheim, CA",06,CA,CA
31140,Louisville/Jefferson County,"Louisville/Jefferson County, KY-IN",21,KY,KY|IN
31180,Lubbock,"Lubbock, TX",48,TX,TX
31340,Lynchburg,"Lynchburg, VA",51,VA,VA
31420,Macon-Bibb County,"Macon-Bibb County, GA",13,GA,GA
31540,Madison,"Madison, WI",55,WI,WI
31700,Manchester-Nashua,"Manchester-Nashua, NH",33,NH,NH
31740,Manhattan,"Manhattan, KS",20,KS,KS
31860,Mankato,"Mankato, MN",27,MN,MN
31900,Mansfield,"Mansfield, OH",39,OH,OH
32420,Mayagüez,"Mayagüez, PR",72,PR,PR
32580,McAllen-Edinburg-Mission,"McAllen-Edinburg-Mission, TX",48,TX,TX
32780,Medford,"Medford, OR",41,OR,OR
32820,Memphis,"Memphis, TN-MS-AR",47,TN,TN|MS|AR
32900,Merced,"Merced, CA",06,CA,CA
33100,Miami-Fort Lauderdale-West Palm Beach,"Miami-Fort Lauderdale-West Palm Beach, FL",12,FL,FL
33140,Michigan City-La Porte,"Michigan City-La Porte, IN",18,IN,IN
33220,Midland,"Midland, MI",26,MI,MI
33260,Midland,"Midland, TX",48,TX,TX
33340,Milwaukee-Waukesha,"Milwaukee-Waukesha, WI",55,WI,WI
33460,Minneapolis-St. Paul-Bloomington,"Minneapolis-St. Paul-Bloomington, MN-WI",27,MN,MN|WI
33500,Minot,"Minot, ND",38,ND,ND
33540,Missoula,"Missoula, MT",30,MT,MT
33660,Mobile,"Mobile, AL",01,AL,AL
33700,Modesto,"Modesto, CA",06,CA,CA
33740,Monroe,"Monroe, LA",22,LA,LA
33780,Monroe,"Monroe, MI",26,MI,MI
33860,Montgomery,"Montgomery, AL",01,AL,AL
34060,Morgantown,"Morgantown, WV",54,WV,WV
34100,Morristown,"Morristown, TN",47,TN,TN
34580,Mount Vernon-Anacortes,"Mount Vernon-Anacortes, WA",53,WA,WA
34620,Muncie,"Muncie, IN",18,IN,IN
34740,Muskegon-Norton Shores,"Muskegon-Norton Shores, MI",26,MI,MI
34820,Myrtle Beach-Conway-North Myrtle Beach,"Myrtle Beach-Conway-North Myrtle Beach, SC",45,SC,SC
34900,Napa,"Napa, CA",06,CA,CA
34940,Naples-Marco Island,"Naples-Marco Island, FL",12,FL,FL
34980,Nashville-Davidson--Murfreesboro--Franklin,"Nashville-Davidson--Murfreesboro--Franklin, TN",47,TN,TN
35300,New Haven,"New Haven, CT",09,CT,CT
35380,New Orleans-Metairie,"New Orleans-Metairie, LA",22,LA,LA
35620,New York-Newark-Jersey City,"New York-Newark-Jersey City, NY-NJ",36,NY,NY|NJ
35660,Niles,"Niles, MI",26,MI,MI
35840,North Port-Bradenton-Sarasota,"North Port-Bradenton-Sarasota, FL",12,FL,FL
35980,Norwich-New London-Willimantic,"Norwich-New London-Willimantic, CT",09,CT,CT
36100,Ocala,"Ocala, FL",12,FL,FL
36220,Odessa,"Odessa, TX",48,TX,TX
36260,Ogden,"Ogden, UT",49,UT,UT
36420,Oklahoma City,"Oklahoma City, OK",40,OK,OK
36500,Olympia-Lacey-Tumwater,"Olympia-Lacey-Tumwater, WA",53,WA,WA
36540,Omaha,"Omaha, NE-IA",31,NE,NE|IA
36740,Orlando-Kissimmee-Sanford,"Orlando-Kissimmee-Sanford, FL",12,FL,FL
36780,Oshkosh-Neenah,"Oshkosh-Neenah, WI",55,WI,WI
36980,Owensboro,"Owensboro, KY",21,KY,KY
37100,Oxnard-Thousand Oaks-Ventura,"Oxnard-Thousand Oaks-Ventura, CA",06,CA,CA
37140,Paducah,"Paducah, KY-IL",21,KY,KY|IL
37340,Palm Bay-Melbourne-Titusville,"Palm Bay-Melbourne-Titusville, FL",12,FL,FL
37460,Panama City-Panama City Beach,"Panama City-Panama City Beach, FL",12,FL,FL
37620,Parkersburg-Vienna,"Parkersburg-Vienna, WV",54,WV,WV
37860,Pensacola-Ferry Pass-Brent,"Pensacola-Ferry Pass-Brent, FL",12,FL,FL
37900,Peoria,"Peoria, IL",17,IL,IL
37980,Philadelphia-Camden-Wilmington,"Philadelphia-Camden-Wilmington, PA-NJ-DE-MD",42,PA,PA|NJ|DE|MD
38060,Phoenix-Mesa-Chandler,"Phoenix-Mesa-Chandler, AZ",04,AZ,AZ
38240,Pinehurst-Southern Pines,"Pinehurst-Southern Pines, NC",37,NC,NC
38300,Pittsburgh,"Pittsburgh, PA",42,PA,PA
38340,Pittsfield,"Pittsfield, MA",25,MA,MA
38540,Pocatello,"Pocatello, ID",16,ID,ID
38660,Ponce,"Ponce, PR",72,PR,PR
38860,Portland-South Portland,"Portland-South Portland, ME",23,ME,ME
38900,Portland-Vancouver-Hillsboro,"Portland-Vancouver-Hillsboro, OR-WA",41,OR,OR|WA
38940,Port St. Lucie,"Port St. Lucie, FL",12,FL,FL
39150,Prescott Valley-Prescott,"Prescott Valley-Prescott, AZ",04,AZ,AZ
39300,Providence-Warwick,"Providence-Warwick, RI-MA",44,RI,RI|MA
39340,Provo-Orem-Lehi,"Provo-Orem-Lehi, UT",49,UT,UT
39380,Pueblo,"Pueblo, CO",08,CO,CO
39460,Punta Gorda,"Punta Gorda, FL",12,FL,FL
39540,Racine-Mount Pleasant,"Racine-Mount Pleasant, WI",55,WI,WI
39580,Raleigh-Cary,"Raleigh-Cary, NC",37,NC,NC
39660,Rapid City,"Rapid City, SD",46,SD,SD
39740,Reading,"Reading, PA",42,PA,PA
39820,Redding,"Redding, CA",06,CA,CA
39900,Reno,"Reno, NV",32,NV,NV
40060,Richmond,"Richmond, VA",51,VA,VA
40140,Riverside-San Bernardino-Ontario,"Riverside-San Bernardino-Ontario, CA",06,CA,CA
40220,Roanoke,"Roanoke, VA",51,VA,VA
40340,Rochester,"Rochester, MN",27,MN,MN
40380,Rochester,"Rochester, NY",36,NY,NY
40420,Rockford,"Rockford, IL",17,IL,IL
40580,Rocky Mount,"Rocky Mount, NC",37,NC,NC
40660,Rome,"Rome, GA",13,GA,GA
40900,Sacramento-Roseville-Folsom,"Sacramento-Roseville-Folsom, CA",06,CA,CA
40980,Saginaw,"Saginaw, MI",26,MI,MI
41060,St. Cloud,"St. Cloud, MN",27,MN,MN
41100,St. George,"St. George, UT",49,UT,UT
41140,St. Joseph,"St. Joseph, MO-KS",29,MO,MO|KS
41180,St. Louis,"St. Louis, MO-IL",29,MO,MO|IL
41420,Salem,"Salem, OR",41,OR,OR
41500,Salinas,"Salinas, CA",06,CA,CA
41540,Salisbury,"Salisbury, MD",24,MD,MD
41620,Salt Lake City-Murray,"Salt Lake City-Murray, UT",49,UT,UT
41660,San Angelo,"San Angelo, TX",48,TX,TX
41700,San Antonio-New Braunfels,"San Antonio-New Braunfels, TX",48,TX,TX
41740,San Diego-Chula Vista-Carlsbad,"San Diego-Chula Vista-Carlsbad, CA",06,CA,CA
41780,Sandusky,"Sandusky, OH",39,OH,OH
41860,San Francisco-Oakland-Fremont,"San Francisco-Oakland-Fremont, CA",06,CA,CA
41940,San Jose-Sunnyvale-Santa Clara,"San Jose-Sunnyvale-Santa Clara, CA",06,CA,CA
41980,San Juan-Bayamón-Caguas,"San Juan-Bayamón-Caguas, PR",72,PR,PR
42020,San Luis Obispo-Paso Robles,"San Luis Obispo-Paso Robles, CA",06,CA,CA
42100,Santa Cruz-Watsonville,"Santa Cruz-Watsonville, CA",06,CA,CA
42140,Santa Fe,"Santa Fe, NM",35,NM,NM
42200,Santa Maria-Santa Barbara,"Santa Maria-Santa Barbara, CA",06,CA,CA
42220,Santa Rosa-Petaluma,"Santa Rosa-Petaluma, CA",06,CA,CA
42340,Savannah,"Savannah, GA",13,GA,GA
42540,Scranton--Wilkes-Barre,"Scranton--Wilkes-Barre, PA",42,PA,PA
42660,Seattle-Tacoma-Bellevue,"Seattle-Tacoma-Bellevue, WA",53,WA,WA
42680,Sebastian-Vero Beach-West Vero Corridor,"Sebastian-Vero Beach-West Vero Corridor, FL",12,FL,FL
42700,Sebring,"Sebring, FL",12,FL,FL
43100,Sheboygan,"Sheboygan, WI",55,WI,WI
43300,Sherman-Denison,"Sherman-Denison, TX",48,TX,TX
43340,Shreveport-Bossier City,"Shreveport-Bossier City, LA",22,LA,LA
43420,Sierra Vista-Douglas,"Sierra Vista-Douglas, AZ",04,AZ,AZ
43580,Sioux City,"Sioux City, IA-NE-SD",19,IA,IA|NE|SD
43620,Sioux Falls,"Sioux Falls, SD-MN",46,SD,SD|MN
43640,Slidell-Mandeville-Covington,"Slidell-Mandeville-Covington, LA",22,LA,LA
43780,South Bend-Mishawaka,"South Bend-Mishawaka, IN-MI",18,IN,IN|MI
43900,Spartanburg,"Spartanburg, SC",45,SC,SC
44060,Spokane-Spokane Valley,"Spokane-Spokane Valley, WA",53,WA,WA
44100,Springfield,"Springfield, IL",17,IL,IL
44140,Springfield,"Springfield, MA",25,MA,MA
44180,Springfield,"Springfield, MO",29,MO,MO
44220,Springfield,"Springfield, OH",39,OH,OH
44300,State College,"State College, PA",42,PA,PA
44420,Staunton-Stuarts Draft,"Staunton-Stuarts Draft, VA",51,VA,VA
44700,Stockton-Lodi,"Stockton-Lodi, CA",06,CA,CA
44940,Sumter,"Sumter, SC",45,SC,SC
45060,Syracuse,"Syracuse, NY",36,NY,NY
45220,Tallahassee,"Tallahassee, FL",12,FL,FL
45300,Tampa-St. Petersburg-Clearwater,"Tampa-St. Petersburg-Clearwater, FL",12,FL,FL
45460,Terre Haute,"Terre Haute, IN",18,IN,IN
45500,Texarkana,"Texarkana, TX-AR",48,TX,TX|AR
45780,Toledo,"Toledo, OH",39,OH,OH
45820,Topeka,"Topeka, KS",20,KS,KS
45900,Traverse City,"Traverse City, MI",26,MI,MI
45940,Trenton-Princeton,"Trenton-Princeton, NJ",34,NJ,NJ
46060,Tucson,"Tucson, AZ",04,AZ,AZ
46140,Tulsa,"Tulsa, OK",40,OK,OK
46220,Tuscaloosa,"Tuscaloosa, AL",01,AL,AL
46300,Twin Falls,"Twin Falls, ID",16,ID,ID
46340,Tyler,"Tyler, TX",48,TX,TX
46520,Urban Honolulu,"Urban Honolulu, HI",15,HI,HI
46540,Utica-Rome,"Utica-Rome, NY",36,NY,NY
46660,Valdosta,"Valdosta, GA",13,GA,GA
46700,Vallejo,"Vallejo, CA",06,CA,CA
47020,Victoria,"Victoria, TX",48,TX,TX
47220,Vineland,"Vineland, NJ",34,NJ,NJ
47260,Virginia Beach-Chesapeake-Norfolk,"Virginia Beach-Chesapeake-Norfolk, VA-NC",51,VA,VA|NC
47300,Visalia,"Visalia, CA",06,CA,CA
47380,Waco,"Waco, TX",48,TX,TX
47460,Walla Walla,"Walla Walla, WA",53,WA,WA
47580,Warner Robins,"Warner Robins, GA",13,GA,GA
47900,Washington-Arlington-Alexandria,"Washington-Arlington-Alexandria, DC-VA-MD-WV",11,DC,DC|VA|MD|WV
47930,Waterbury-Shelton,"Waterbury-Shelton, CT",09,CT,CT
47940,Waterloo-Cedar Falls,"Waterloo-Cedar Falls, IA",19,IA,IA
48060,Watertown-Fort Drum,"Watertown-Fort Drum, NY",36,NY,NY
48140,Wausau,"Wausau, WI",55,WI,WI
48260,Weirton-Steubenville,"Weirton-Steubenville, WV-OH",54,WV,WV|OH
48300,Wenatchee-East Wenatchee,"Wenatchee-East Wenatchee, WA",53,WA,WA
48540,Wheeling,"Wheeling, WV-OH",54,WV,WV|OH
48620,Wichita,"Wichita, KS",20,KS,KS
48660,Wichita Falls,"Wichita Falls, TX",48,TX,TX
48680,Wildwood-The Villages,"Wildwood-The Villages, FL",12,FL,FL
48700,Williamsport,"Williamsport, PA",42,PA,PA
48900,Wilmington,"Wilmington, NC",37,NC,NC
49020,Winchester,"Winchester, VA-WV",51,VA,VA|WV
49180,Winston-Salem,"Winston-Salem, NC",37,NC,NC
49340,Worcester,"Worcester, MA",25,MA,MA
49420,Yakima,"Yakima, WA",53,WA,WA
49620,York-Hanover,"York-Hanover, PA",42,PA,PA
49660,Youngstown-Warren,"Youngstown-Warren, OH",39,OH,OH
49700,Yuba City,"Yuba City, CA",06,CA,CA
49740,Yuma,"Yuma, AZ",04,AZ,AZ
