county_fips,cbsa_code,county_name,state_abbr
48059,10180,Callahan County,TX
48253,10180,Jones County,TX
48441,10180,Taylor County,TX
72003,10380,Aguada Municipio,PR
72005,10380,Aguadilla Municipio,PR
72011,10380,Añasco Municipio,PR
72071,10380,Isabela Municipio,PR
72099,10380,Moca Municipio,PR
72117,10380,Rincón Municipio,PR
72131,10380,San Sebastián Municipio,PR
39133,10420,Portage County,OH
39153,10420,Summit County,OH
13095,10500,Dougherty County,GA
13177,10500,Lee County,GA
13273,10500,Terrell County,GA
13321,10500,Worth County,GA
41043,10540,Linn County,OR
36001,10580,Albany County,NY
36083,10580,Rensselaer County,NY
36091,10580,Saratoga County,NY
36093,10580,Schenectady County,NY
36095,10580,Schoharie County,NY
35001,10740,Bernalillo County,NM
35043,10740,Sandoval County,NM
35057,10740,Torrance County,NM
35061,10740,Valencia County,NM
22043,10780,Grant Parish,LA
22079,10780,Rapides Parish,LA
34041,10900,Warren County,NJ
42025,10900,Carbon County,PA
42077,10900,Lehigh County,PA
42095,10900,Northampton County,PA
42013,11020,Blair County,PA
48011,11100,Armstrong County,TX
48065,11100,Carson County,TX
48359,11100,Oldham County,TX
48375,11100,Potter County,TX
48381,11100,Randall County,TX
19015,11180,Boone County,IA
19169,11180,Story County,IA
25015,11200,Hampshire County,MA
02020,11260,Anchorage Municipality,AK
02170,11260,Matanuska-Susitna Borough,AK
26161,11460,Washtenaw County,MI
01015,11500,Calhoun County,AL
55015,11540,Calumet County,WI
55087,11540,Outagamie County,WI
72013,11640,Arecibo Municipio,PR
72027,11640,Camuy Municipio,PR
72065,11640,Hatillo Municipio,PR
72115,11640,Quebradillas Municipio,PR
37021,11700,Buncombe County,NC
37089,11700,Henderson County,NC
37115,11700,Madison County,NC
13059,12020,Clarke County,GA
13195,12020,Madison County,GA
13219,12020,Oconee County,GA
13221,12020,Oglethorpe County,GA
13013,12060,Barrow County,GA
13035,12060,Butts County,GA
13045,12060,Carroll County,GA
13063,12060,Clayton County,GA
13077,12060,Coweta County,GA
13085,12060,Dawson County,GA
13089,12060,DeKalb County,GA
13097,12060,Douglas County,GA
13113,12060,Fayette County,GA
13117,12060,Forsyth County,GA
13121,12060,Fulton County,GA
13135,12060,Gwinnett County,GA
13149,12060,Heard County,GA
13151,12060,Henry County,GA
13159,12060,Jasper County,GA
13187,12060,Lumpkin County,GA
13199,12060,Meriwether County,GA
13211,12060,Morgan County,GA
13217,12060,Newton County,GA
13227,12060,Pickens County,GA
13231,12060,Pike County,GA
13247,12060,Rockdale County,GA
13255,12060,Spalding County,GA
13297,12060,Walton County,GA
13015,12060,Bartow County,GA
13057,12060,Cherokee County,GA
13067,12060,Cobb County,GA
13143,12060,Haralson County,GA
13223,12060,Paulding County,GA
34001,12100,Atlantic County,NJ
34009,12100,Cape May County,NJ
01081,12220,Lee County,AL
01087,12220,Macon County,AL
13033,12260,Burke County,GA
13073,12260,Columbia County,GA
13181,12260,Lincoln County,GA
13189,12260,McDuffie County,GA
13245,12260,Richmond County,GA
45003,12260,Aiken County,SC
45037,12260,Edgefield County,SC
48021,12420,Bastrop County,TX
48055,12420,Caldwell County,TX
48209,12420,Hays County,TX
48453,12420,Travis County,TX
48491,12420,Williamson County,TX
06029,12540,Kern County,CA
24003,12580,Anne Arundel County,MD
24005,12580,Baltimore County,MD
24013,12580,Carroll County,MD
24025,12580,Harford County,MD
24027,12580,Howard County,MD
24035,12580,Queen Anne's County,MD
24510,12580,Baltimore city,MD
23019,12620,Penobscot County,ME
25001,12700,Barnstable County,MA
22005,12940,Ascension Parish,LA
22007,12940,Assumption Parish,LA
22033,12940,East Baton Rouge Parish,LA
22037,12940,East Feliciana Parish,LA
22047,12940,Iberville Parish,LA
22063,12940,Livingston Parish,LA
22077,12940,Pointe Coupee Parish,LA
22091,12940,St. Helena Parish,LA
22121,12940,West Baton Rouge Parish,LA
22125,12940,West Feliciana Parish,LA
26025,12980,Calhoun County,MI
26017,13020,Bay County,MI
48199,13140,Hardin County,TX
48245,13140,Jefferson County,TX
48361,13140,Orange County,TX
54019,13220,Fayette County,WV
54081,13220,Raleigh County,WV
53073,13380,Whatcom County,WA
41013,13460,Crook County,OR
41017,13460,Deschutes County,OR
41031,13460,Jefferson County,OR
30009,13740,Carbon County,MT
30095,13740,Stillwater County,MT
30111,13740,Yellowstone County,MT
36007,13780,Broome County,NY
36107,13780,Tioga County,NY
01007,13820,Bibb County,AL
01009,13820,Blount County,AL
01021,13820,Chilton County,AL
01073,13820,Jefferson County,AL
01115,13820,St. Clair County,AL
01117,13820,Shelby County,AL
01127,13820,Walker County,AL
38015,13900,Burleigh County,ND
38059,13900,Morton County,ND
38065,13900,Oliver County,ND
51063,13980,Floyd County,VA
51071,13980,Giles County,VA
51121,13980,Montgomery County,VA
51155,13980,Pulaski County,VA
51750,13980,Radford city,VA
17113,14010,McLean County,IL
18105,14020,Monroe County,IN
18119,14020,Owen County,IN
16001,14260,Ada County,ID
16015,14260,Boise County,ID
16027,14260,Canyon County,ID
16045,14260,Gem County,ID
16073,14260,Owyhee County,ID
25021,14460,Norfolk County,MA
25023,14460,Plymouth County,MA
25025,14460,Suffolk County,MA
25009,14460,Essex County,MA
25017,14460,Middlesex County,MA
33015,14460,Rockingham County,NH
33017,14460,Strafford County,NH
08013,14500,Boulder County,CO
21003,14540,Allen County,KY
21031,14540,Butler County,KY
21061,14540,Edmonson County,KY
21227,14540,Warren County,KY
30031,14580,Gallatin County,MT
53035,14740,Kitsap County,WA
09120,14860,Greater Bridgeport Planning Region,CT
09190,14860,Western Connecticut Planning Region,CT
48061,15180,Cameron County,TX
13025,15260,Brantley County,GA
13127,15260,Glynn County,GA
13191,15260,McIntosh County,GA
36029,15380,Erie County,NY
36063,15380,Niagara County,NY
37001,15500,Alamance County,NC
50007,15540,Chittenden County,VT
50011,15540,Franklin County,VT
50013,15540,Grand Isle County,VT
39019,15940,Carroll County,OH
39151,15940,Stark County,OH
12071,15980,Lee County,FL
17003,16020,Alexander County,IL
29017,16020,Bollinger County,MO
29031,16020,Cape Girardeau County,MO
32510,16180,Carson City,NV
56025,16220,Natrona County,WY
19011,16300,Benton County,IA
19105,16300,Jones County,IA
19113,16300,Linn County,IA
42055,16540,Franklin County,PA
17019,16580,Champaign County,IL
17053,16580,Ford County,IL
17147,16580,Piatt County,IL
54005,16620,Boone County,WV
54015,16620,Clay County,WV
54039,16620,Kanawha County,WV
45015,16700,Berkeley County,SC
45019,16700,Charleston County,SC
45035,16700,Dorchester County,SC
37007,16740,Anson County,NC
37025,16740,Cabarrus County,NC
37071,16740,Gaston County,NC
37097,16740,Iredell County,NC
37109,16740,Lincoln County,NC
37119,16740,Mecklenburg County,NC
37159,16740,Rowan County,NC
37179,16740,Union County,NC
45023,16740,Chester County,SC
45057,16740,Lancaster County,SC
45091,16740,York County,SC
51003,16820,Albemarle County,VA
51065,16820,Fluvanna County,VA
51079,16820,Greene County,VA
51125,16820,Nelson County,VA
51540,16820,Charlottesville city,VA
13047,16860,Catoosa County,GA
13083,16860,Dade County,GA
13295,16860,Walker County,GA
47065,16860,Hamilton County,TN
47115,16860,Marion County,TN
47153,16860,Sequatchie County,TN
56021,16940,Laramie County,WY
17031,16980,Cook County,IL
17043,16980,DuPage County,IL
17063,16980,Grundy County,IL
17111,16980,McHenry County,IL
17197,16980,Will County,IL
17037,16980,DeKalb County,IL
17089,16980,Kane County,IL
17093,16980,Kendall County,IL
17097,16980,Lake County,IL
18073,16980,Jasper County,IN
18089,16980,Lake County,IN
18111,16980,Newton County,IN
18127,16980,Porter County,IN
06007,17020,Butte County,CA
18029,17140,Dearborn County,IN
18047,17140,Franklin County,IN
18115,17140,Ohio County,IN
21015,17140,Boone County,KY
21023,17140,Bracken County,KY
21037,17140,Campbell County,KY
21077,17140,Gallatin County,KY
21081,17140,Grant County,KY
21117,17140,Kenton County,KY
21191,17140,Pendleton County,KY
39015,17140,Brown County,OH
39017,17140,Butler County,OH
39025,17140,Clermont County,OH
39061,17140,Hamilton County,OH
39165,17140,Warren County,OH
21047,17300,Christian County,KY
21221,17300,Trigg County,KY
47125,17300,Montgomery County,TN
47161,17300,Stewart County,TN
39007,17410,Ashtabula County,OH
39035,17410,Cuyahoga County,OH
39055,17410,Geauga County,OH
39085,17410,Lake County,OH
39093,17410,Lorain County,OH
39103,17410,Medina County,OH
47011,17420,Bradley County,TN
47139,17420,Polk County,TN
16055,17660,Kootenai County,ID
48041,17780,Brazos County,TX
48051,17780,Burleson County,TX
48395,17780,Robertson County,TX
08041,17820,El Paso County,CO
08119,17820,Teller County,CO
29019,17860,Boone County,MO
29053,17860,Cooper County,MO
29089,17860,Howard County,MO
45017,17900,Calhoun County,SC
45039,17900,Fairfield County,SC
45055,17900,Kershaw County,SC
45063,17900,Lexington County,SC
45079,17900,Richland County,SC
45081,17900,Saluda County,SC
01113,17980,Russell County,AL
13053,17980,Chattahoochee County,GA
13145,17980,Harris County,GA
13197,17980,Marion County,GA
13215,17980,Muscogee County,GA
13259,17980,Stewart County,GA
13263,17980,Talbot County,GA
18005,18020,Bartholomew County,IN
39041,18140,Delaware County,OH
39045,18140,Fairfield County,OH
39049,18140,Franklin County,OH
39073,18140,Hocking County,OH
39089,18140,Licking County,OH
39097,18140,Madison County,OH
39117,18140,Morrow County,OH
39127,18140,Perry County,OH
39129,18140,Pickaway County,OH
39159,18140,Union County,OH
48007,18580,Aransas County,TX
48355,18580,Nueces County,TX
48409,18580,San Patricio County,TX
41003,18700,Benton County,OR
12091,18880,Okaloosa County,FL
12131,18880,Walton County,FL
48085,19100,Collin County,TX
48113,19100,Dallas County,TX
48121,19100,Denton County,TX
48139,19100,Ellis County,TX
48231,19100,Hunt County,TX
48257,19100,Kaufman County,TX
48397,19100,Rockwall County,TX
48251,19100,Johnson County,TX
48367,19100,Parker County,TX
48439,19100,Tarrant County,TX
48497,19100,Wise County,TX
13213,19140,Murray County,GA
13313,19140,Whitfield County,GA
01003,19300,Baldwin County,AL
17073,19340,Henry County,IL
17131,19340,Mercer County,IL
17161,19340,Rock Island County,IL
19163,19340,Scott County,IA
39057,19430,Greene County,OH
39109,19430,Miami County,OH
39113,19430,Montgomery County,OH
01079,19460,Lawrence County,AL
01103,19460,Morgan County,AL
17115,19500,Macon County,IL
12035,19660,Flagler County,FL
12127,19660,Volusia County,FL
08001,19740,Adams County,CO
08005,19740,Arapahoe County,CO
08014,19740,Broomfield County,CO
08019,19740,Clear Creek County,CO
08031,19740,Denver County,CO
08035,19740,Douglas County,CO
08039,19740,Elbert County,CO
08047,19740,Gilpin County,CO
08059,19740,Jefferson County,CO
08093,19740,Park County,CO
19049,19780,Dallas County,IA
19077,19780,Guthrie County,IA
19099,19780,Jasper County,IA
19121,19780,Madison County,IA
19153,19780,Polk County,IA
19181,19780,Warren County,IA
26163,19820,Wayne County,MI
26087,19820,Lapeer County,MI
26093,19820,Livingston County,MI
26099,19820,Macomb County,MI
26125,19820,Oakland County,MI
26147,19820,St. Clair County,MI
01061,20020,Geneva County,AL
01067,20020,Henry County,AL
01069,20020,Houston County,AL
10001,20100,Kent County,DE
19061,20220,Dubuque County,IA
27017,20260,Carlton County,MN
27137,20260,St. Louis County,MN
55031,20260,Douglas County,WI
37037,20500,Chatham County,NC
37063,20500,Durham County,NC
37135,20500,Orange County,NC
37145,20500,Person County,NC
48323,20580,Maverick County,TX
55017,20740,Chippewa County,WI
55035,20740,Eau Claire County,WI
06025,20940,Imperial County,CA
21093,21060,Hardin County,KY
21123,21060,Larue County,KY
18039,21140,Elkhart County,IN
36015,21300,Chemung County,NY
48141,21340,El Paso County,TX
48229,21340,Hudspeth County,TX
40047,21420,Garfield County,OK
42049,21500,Erie County,PA
41039,21660,Lane County,OR
18129,21780,Posey County,IN
18163,21780,Vanderburgh County,IN
18173,21780,Warrick County,IN
02090,21820,Fairbanks North Star Borough,AK
27027,22020,Clay County,MN
38017,22020,Cass County,ND
35045,22140,San Juan County,NM
37051,22180,Cumberland County,NC
37093,22180,Hoke County,NC
05007,22220,Benton County,AR
05087,22220,Madison County,AR
05143,22220,Washington County,AR
04005,22380,Coconino County,AZ
26049,22420,Genesee County,MI
45031,22500,Darlington County,SC
45041,22500,Florence County,SC
01033,22520,Colbert County,AL
01077,22520,Lauderdale County,AL
55039,22540,Fond du Lac County,WI
08069,22660,Larimer County,CO
05033,22900,Crawford County,AR
05131,22900,Sebastian County,AR
40135,22900,Sequoyah County,OK
18003,23060,Allen County,IN
18179,23060,Wells County,IN
18183,23060,Whitley County,IN
06019,23420,Fresno County,CA
06039,23420,Madera County,CA
01055,23460,Etowah County,AL
12001,23540,Alachua County,FL
12041,23540,Gilchrist County,FL
12075,23540,Levy County,FL
13139,23580,Hall County,GA
42001,23900,Adams County,PA
36113,24020,Warren County,NY
36115,24020,Washington County,NY
37191,24140,Wayne County,NC
27119,24220,Polk County,MN
38035,24220,Grand Forks County,ND
31079,24260,Hall County,NE
31093,24260,Howard County,NE
31121,24260,Merrick County,NE
08077,24300,Mesa County,CO
26015,24340,Barry County,MI
26067,24340,Ionia County,MI
26081,24340,Kent County,MI
26117,24340,Montcalm County,MI
26139,24340,Ottawa County,MI
41033,24420,Josephine County,OR
30013,24500,Cascade County,MT
08123,24540,Weld County,CO
55009,24580,Brown County,WI
55061,24580,Kewaunee County,WI
55083,24580,Oconto County,WI
37081,24660,Guilford County,NC
37151,24660,Randolph County,NC
37157,24660,Rockingham County,NC
37147,24780,Pitt County,NC
45007,24860,Anderson County,SC
45045,24860,Greenville County,SC
45059,24860,Laurens County,SC
45077,24860,Pickens County,SC
72015,25020,Arroyo Municipio,PR
72057,25020,Guayama Municipio,PR
72109,25020,Patillas Municipio,PR
28045,25060,Hancock County,MS
28047,25060,Harrison County,MS
28059,25060,Jackson County,MS
28131,25060,Stone County,MS
24043,25180,Washington County,MD
54003,25180,Berkeley County,WV
54065,25180,Morgan County,WV
22105,25220,Tangipahoa Parish,LA
06031,25260,Kings County,CA
42041,25420,Cumberland County,PA
42043,25420,Dauphin County,PA
42099,25420,Perry County,PA
51165,25500,Rockingham County,VA
51660,25500,Harrisonburg city,VA
09110,25540,Capitol Planning Region,CT
09130,25540,Lower Connecticut River Valley Planning Region,CT
28035,25620,Forrest County,MS
28073,25620,Lamar County,MS
28111,25620,Perry County,MS
30007,25740,Broadwater County,MT
30043,25740,Jefferson County,MT
30049,25740,Lewis and Clark County,MT
37003,25860,Alexander County,NC
37023,25860,Burke County,NC
37027,25860,Caldwell County,NC
37035,25860,Catawba County,NC
45013,25940,Beaufort County,SC
45053,25940,Jasper County,SC
13179,25980,Liberty County,GA
13183,25980,Long County,GA
12017,26140,Citrus County,FL
05051,26300,Garland County,AR
22057,26380,Lafourche Parish,LA
22109,26380,Terrebonne Parish,LA
48015,26420,Austin County,TX
48039,26420,Brazoria County,TX
48071,26420,Chambers County,TX
48157,26420,Fort Bend County,TX
48167,26420,Galveston County,TX
48201,26420,Harris County,TX
48291,26420,Liberty County,TX
48339,26420,Montgomery County,TX
48407,26420,San Jacinto County,TX
48473,26420,Waller County,TX
21019,26580,Boyd County,KY
21043,26580,Carter County,KY
21089,26580,Greenup County,KY
21127,26580,Lawrence County,KY
39087,26580,Lawrence County,OH
54011,26580,Cabell County,WV
54079,26580,Putnam County,WV
54099,26580,Wayne County,WV
01083,26620,Limestone County,AL
01089,26620,Madison County,AL
16019,26820,Bonneville County,ID
16023,26820,Butte County,ID
16051,26820,Jefferson County,ID
18011,26900,Boone County,IN
18013,26900,Brown County,IN
18057,26900,Hamilton County,IN
18059,26900,Hancock County,IN
18063,26900,Hendricks County,IN
18081,26900,Johnson County,IN
18095,26900,Madison County,IN
18097,26900,Marion County,IN
18109,26900,Morgan County,IN
18145,26900,Shelby County,IN
18159,26900,Tipton County,IN
19103,26980,Johnson County,IA
19183,26980,Washington County,IA
36109,27060,Tompkins County,NY
26075,27100,Jackson County,MI
28029,27140,Copiah County,MS
28049,27140,Hinds County,MS
28051,27140,Holmes County,MS
28089,27140,Madison County,MS
28121,27140,Rankin County,MS
28123,27140,Scott County,MS
28127,27140,Simpson County,MS
28163,27140,Yazoo County,MS
47023,27180,Chester County,TN
47033,27180,Crockett County,TN
47053,27180,Gibson County,TN
47113,27180,Madison County,TN
12003,27260,Baker County,FL
12019,27260,Clay County,FL
12031,27260,Duval County,FL
12089,27260,Nassau County,FL
12109,27260,St. Johns County,FL
37133,27340,Onslow County,NC
55105,27500,Rock County,WI
29027,27620,Callaway County,MO
29051,27620,Cole County,MO
29135,27620,Moniteau County,MO
29151,27620,Osage County,MO
47019,27740,Carter County,TN
47171,27740,Unicoi County,TN
47179,27740,Washington County,TN
42021,27780,Cambria County,PA
05031,27860,Craighead County,AR
05111,27860,Poinsett County,AR
20021,27900,Cherokee County,KS
29097,27900,Jasper County,MO
29145,27900,Newton County,MO
15005,27980,Kalawao County,HI
15009,27980,Maui County,HI
26077,28020,Kalamazoo County,MI
17091,28100,Kankakee County,IL
20091,28140,Johnson County,KS
20103,28140,Leavenworth County,KS
20107,28140,Linn County,KS
20121,28140,Miami County,KS
20209,28140,Wyandotte County,KS
29013,28140,Bates County,MO
29025,28140,Caldwell County,MO
29037,28140,Cass County,MO
29047,28140,Clay County,MO
29049,28140,Clinton County,MO
29095,28140,Jackson County,MO
29107,28140,Lafayette County,MO
29165,28140,Platte County,MO
29177,28140,Ray County,MO
53005,28420,Benton County,WA
53021,28420,Franklin County,WA
55059,28450,Kenosha County,WI
48027,28660,Bell County,TX
48099,28660,Coryell County,TX
48281,28660,Lampasas County,TX
47073,28700,Hawkins County,TN
47163,28700,Sullivan County,TN
51169,28700,Scott County,VA
51191,28700,Washington County,VA
51520,28700,Bristol city,VA
36111,28740,Ulster County,NY
36027,28880,Dutchess County,NY
36071,28880,Orange County,NY
47001,28940,Anderson County,TN
47009,28940,Blount County,TN
47013,28940,Campbell County,TN
47057,28940,Grainger County,TN
47093,28940,Knox County,TN
47105,28940,Loudon County,TN
47129,28940,Morgan County,TN
47145,28940,Roane County,TN
47173,28940,Union County,TN
18067,29020,Howard County,IN
27055,29100,Houston County,MN
55063,29100,La Crosse County,WI
55123,29100,Vernon County,WI
22001,29180,Acadia Parish,LA
22055,29180,Lafayette Parish,LA
22099,29180,St. Martin Parish,LA
22113,29180,Vermilion Parish,LA
18007,29200,Benton County,IN
18015,29200,Carroll County,IN
18157,29200,Tippecanoe County,IN
18171,29200,Warren County,IN
22019,29340,Calcasieu Parish,LA
22023,29340,Cameron Parish,LA
22053,29340,Jefferson Davis Parish,LA
04015,29420,Mohave County,AZ
12105,29460,Polk County,FL
42071,29540,Lancaster County,PA
26037,29620,Clinton County,MI
26045,29620,Eaton County,MI
26065,29620,Ingham County,MI
48479,29700,Webb County,TX
35013,29740,Doña Ana County,NM
32003,29820,Clark County,NV
20045,29940,Douglas County,KS
40031,30020,Comanche County,OK
40033,30020,Cotton County,OK
42075,30140,Lebanon County,PA
16069,30300,Nez Perce County,ID
53003,30300,Asotin County,WA
23001,30340,Androscoggin County,ME
21017,30460,Bourbon County,KY
21049,30460,Clark County,KY
21067,30460,Fayette County,KY
21113,30460,Jessamine County,KY
21209,30460,Scott County,KY
21239,30460,Woodford County,KY
24009,30500,Calvert County,MD
24037,30500,St. Mary's County,MD
39003,30620,Allen County,OH
31109,30700,Lancaster County,NE
31159,30700,Seward County,NE
05045,30780,Faulkner County,AR
05053,30780,Grant County,AR
05085,30780,Lonoke County,AR
05105,30780,Perry County,AR
05119,30780,Pulaski County,AR
05125,30780,Saline County,AR
16041,30860,Franklin County,ID
49005,30860,Cache County,UT
48183,30980,Gregg County,TX
48203,30980,Harrison County,TX
48401,30980,Rusk County,TX
48459,30980,Upshur County,TX
53015,31020,Cowlitz County,WA
06059,31080,Orange County,CA
06037,31080,Los Angeles County,CA
18019,31140,Clark County,IN
18043,31140,Floyd County,IN
18061,31140,Harrison County,IN
18175,31140,Washington County,IN
21029,31140,Bullitt County,KY
21103,31140,Henry County,KY
21111,31140,Jefferson County,KY
21163,31140,Meade County,KY
21179,31140,Nelson County,KY
21185,31140,Oldham County,KY
21211,31140,Shelby County,KY
21215,31140,Spencer County,KY
48079,31180,Cochran County,TX
48107,31180,Crosby County,TX
48169,31180,Garza County,TX
48219,31180,Hockley County,TX
48303,31180,Lubbock County,TX
48305,31180,Lynn County,TX
51009,31340,Amherst County,VA
51011,31340,Appomattox County,VA
51019,31340,Bedford County,VA
51031,31340,Campbell County,VA
51680,31340,Lynchburg city,VA
13021,31420,Bibb County,GA
13079,31420,Crawford County,GA
13169,31420,Jones County,GA
13207,31420,Monroe County,GA
13289,31420,Twiggs County,GA
55021,31540,Columbia County,WI
55025,31540,Dane County,WI
55045,31540,Green County,WI
55049,31540,Iowa County,WI
33011,31700,Hillsborough County,NH
20061,31740,Geary County,KS
20149,31740,Pottawatomie County,KS
20161,31740,Riley County,KS
27013,31860,Blue Earth County,MN
27103,31860,Nicollet County,MN
39139,31900,Richland County,OH
72023,32420,Cabo Rojo Municipio,PR
72067,32420,Hormigueros Municipio,PR
72079,32420,Lajas Municipio,PR
72097,32420,Mayagüez Municipio,PR
72121,32420,Sabana Grande Municipio,PR
72125,32420,San Germán Municipio,PR
48215,32580,Hidalgo County,TX
41029,32780,Jackson County,OR
05035,32820,Crittenden County,AR
28009,32820,Benton County,MS
28033,32820,DeSoto County,MS
28093,32820,Marshall County,MS
28137,32820,Tate County,MS
28143,32820,Tunica County,MS
47047,32820,Fayette County,TN
47157,32820,Shelby County,TN
47167,32820,Tipton County,TN
06047,32900,Merced County,CA
12011,33100,Broward County,FL
12086,33100,Miami-Dade County,FL
12099,33100,Palm Beach County,FL
18091,33140,LaPorte County,IN
26111,33220,Midland County,MI
48317,33260,Martin County,TX
48329,33260,Midland County,TX
55079,33340,Milwaukee County,WI
55089,33340,Ozaukee County,WI
55131,33340,Washington County,WI
55133,33340,Waukesha County,WI
27003,33460,Anoka County,MN
27019,33460,Carver County,MN
27025,33460,Chisago County,MN
27037,33460,Dakota County,MN
27053,33460,Hennepin County,MN
27059,33460,Isanti County,MN
27079,33460,Le Sueur County,MN
27095,33460,Mille Lacs County,MN
27123,33460,Ramsey County,MN
27139,33460,Scott County,MN
27141,33460,Sherburne County,MN
27163,33460,Washington County,MN
27171,33460,Wright County,MN
55093,33460,Pierce County,WI
55109,33460,St. Croix County,WI
38049,33500,McHenry County,ND
38075,33500,Renville County,ND
38101,33500,Ward County,ND
30061,33540,Mineral County,MT
30063,33540,Missoula County,MT
01097,33660,Mobile County,AL
06099,33700,Stanislaus County,CA
22067,33740,Morehouse Parish,LA
22073,33740,Ouachita Parish,LA
22083,33740,Richland Parish,LA
22111,33740,Union Parish,LA
26115,33780,Monroe County,MI
01001,33860,Autauga County,AL
01051,33860,Elmore County,AL
01085,33860,Lowndes County,AL
01101,33860,Montgomery County,AL
54061,34060,Monongalia County,WV
54077,34060,Preston County,WV
47063,34100,Hamblen County,TN
47089,34100,Jefferson County,TN
53057,34580,Skagit County,WA
18035,34620,Delaware County,IN
26121,34740,Muskegon County,MI
45051,34820,Horry County,SC
06055,34900,Napa County,CA
12021,34940,Collier County,FL
47015,34980,Cannon County,TN
47021,34980,Cheatham County,TN
47037,34980,Davidson County,TN
47043,34980,Dickson County,TN
47081,34980,Hickman County,TN
47111,34980,Macon County,TN
47119,34980,Maury County,TN
47147,34980,Robertson County,TN
47149,34980,Rutherford County,TN
47159,34980,Smith County,TN
47165,34980,Sumner County,TN
47169,34980,Trousdale County,TN
47187,34980,Williamson County,TN
47189,34980,Wilson County,TN
09170,35300,South Central Connecticut Planning Region,CT
22051,35380,Jefferson Parish,LA
22071,35380,Orleans Parish,LA
22075,35380,Plaquemines Parish,LA
22087,35380,St. Bernard Parish,LA
22089,35380,St. Charles Parish,LA
22093,35380,St. James Parish,LA
22095,35380,St. John the Baptist Parish,LA
34023,35620,Middlesex County,NJ
34025,35620,Monmouth County,NJ
34029,35620,Ocean County,NJ
34035,35620,Somerset County,NJ
36059,35620,Nassau County,NY
36103,35620,Suffolk County,NY
34013,35620,Essex County,NJ
34019,35620,Hunterdon County,NJ
34027,35620,Morris County,NJ
34037,35620,Sussex County,NJ
34039,35620,Union County,NJ
34003,35620,Bergen County,NJ
34017,35620,Hudson County,NJ
34031,35620,Passaic County,NJ
36005,35620,Bronx County,NY
36047,35620,Kings County,NY
36061,35620,New York County,NY
36079,35620,Putnam County,NY
36081,35620,Queens County,NY
36085,35620,Richmond County,NY
36087,35620,Rockland County,NY
36119,35620,Westchester County,NY
26021,35660,Berrien County,MI
12081,35840,Manatee County,FL
12115,35840,Sarasota County,FL
09180,35980,Southeastern Connecticut Planning Region,CT
12083,36100,Marion County,FL
48135,36220,Ector County,TX
49011,36260,Davis County,UT
49029,36260,Morgan County,UT
49057,36260,Weber County,UT
40017,36420,Canadian County,OK
40027,36420,Cleveland County,OK
40051,36420,Grady County,OK
40081,36420,Lincoln County,OK
40083,36420,Logan County,OK
40087,36420,McClain County,OK
40109,36420,Oklahoma County,OK
53067,36500,Thurston County,WA
19085,36540,Harrison County,IA
19129,36540,Mills County,IA
19155,36540,Pottawattamie County,IA
31025,36540,Cass County,NE
31055,36540,Douglas County,NE
31153,36540,Sarpy County,NE
31155,36540,Saunders County,NE
31177,36540,Washington County,NE
12069,36740,Lake County,FL
12095,36740,Orange County,FL
12097,36740,Osceola County,FL
12117,36740,Seminole County,FL
55139,36780,Winnebago County,WI
21059,36980,Daviess County,KY
21149,36980,McLean County,KY
06111,37100,Ventura County,CA
17127,37140,Massac County,IL
21007,37140,Ballard County,KY
21039,37140,Carlisle County,KY
21139,37140,Livingston County,KY
21145,37140,McCracken County,KY
12009,37340,Brevard County,FL
12005,37460,Bay County,FL
12133,37460,Washington County,FL
54105,37620,Wirt County,WV
54107,37620,Wood County,WV
12033,37860,Escambia County,FL
12113,37860,Santa Rosa County,FL
17123,37900,Marshall County,IL
17143,37900,Peoria County,IL
17175,37900,Stark County,IL
17179,37900,Tazewell County,IL
17203,37900,Woodford County,IL
34005,37980,Burlington County,NJ
34007,37980,Camden County,NJ
34015,37980,Gloucester County,NJ
42017,37980,Bucks County,PA
42029,37980,Chester County,PA
42091,37980,Montgomery County,PA
42045,37980,Delaware County,PA
42101,37980,Philadelphia County,PA
10003,37980,New Castle County,DE
24015,37980,Cecil County,MD
34033,37980,Salem County,NJ
04013,38060,Maricopa County,AZ
04021,38060,Pinal County,AZ
37125,38240,Moore County,NC
42003,38300,Allegheny County,PA
42005,38300,Armstrong County,PA
42007,38300,Beaver County,PA
42019,38300,Butler County,PA
42051,38300,Fayette County,PA
42073,38300,Lawrence County,PA
42125,38300,Washington County,PA
42129,38300,Westmoreland County,PA
25003,38340,Berkshire County,MA
16005,38540,Bannock County,ID
72059,38660,Guayanilla Municipio,PR
72075,38660,Juana Díaz Municipio,PR
72111,38660,Peñuelas Municipio,PR
72113,38660,Ponce Municipio,PR
72149,38660,Villalba Municipio,PR
72153,38660,Yauco Municipio,PR
23005,38860,Cumberland County,ME
23023,38860,Sagadahoc County,ME
23031,38860,York County,ME
41005,38900,Clackamas County,OR
41009,38900,Columbia County,OR
41051,38900,Multnomah County,OR
41067,38900,Washington County,OR
41071,38900,Yamhill County,OR
53011,38900,Clark County,WA
53059,38900,Skamania County,WA
12085,38940,Martin County,FL
12111,38940,St. Lucie County,FL
04025,39150,Yavapai County,AZ
25005,39300,Bristol County,MA
44001,39300,Bristol County,RI
44003,39300,Kent County,RI
44005,39300,Newport County,RI
44007,39300,Providence County,RI
44009,39300,Washington County,RI
49023,39340,Juab County,UT
49049,39340,Utah County,UT
08101,39380,Pueblo County,CO
12015,39460,Charlotte County,FL
55101,39540,Racine County,WI
37069,39580,Franklin County,NC
37101,39580,Johnston County,NC
37183,39580,Wake County,NC
46033,39660,Custer County,SD
46093,39660,Meade County,SD
46103,39660,Pennington County,SD
42011,39740,Berks County,PA
06089,39820,Shasta County,CA
32019,39900,Lyon County,NV
32029,39900,Storey County,NV
32031,39900,Washoe County,NV
51007,40060,Amelia County,VA
51036,40060,Charles City County,VA
51041,40060,Chesterfield County,VA
51053,40060,Dinwiddie County,VA
51075,40060,Goochland County,VA
51085,40060,Hanover County,VA
51087,40060,Henrico County,VA
51097,40060,King and Queen County,VA
51101,40060,King William County,VA
51127,40060,New Kent County,VA
51145,40060,Powhatan County,VA
51149,40060,Prince George County,VA
51183,40060,Sussex County,VA
51570,40060,Colonial Heights city,VA
51670,40060,Hopewell city,VA
51730,40060,Petersburg city,VA
51760,40060,Richmond city,VA
06065,40140,Riverside County,CA
06071,40140,San Bernardino County,CA
51023,40220,Botetourt County,VA
51045,40220,Craig County,VA
51067,40220,Franklin County,VA
51161,40220,Roanoke County,VA
51770,40220,Roanoke city,VA
51775,40220,Salem city,VA
27039,40340,Dodge County,MN
27045,40340,Fillmore County,MN
27109,40340,Olmsted County,MN
27157,40340,Wabasha County,MN
36051,40380,Livingston County,NY
36055,40380,Monroe County,NY
36069,40380,Ontario County,NY
36073,40380,Orleans County,NY
36117,40380,Wayne County,NY
17007,40420,Boone County,IL
17201,40420,Winnebago County,IL
37065,40580,Edgecombe County,NC
37127,40580,Nash County,NC
13115,40660,Floyd County,GA
06017,40900,El Dorado County,CA
06061,40900,Placer County,CA
06067,40900,Sacramento County,CA
06113,40900,Yolo County,CA
26145,40980,Saginaw County,MI
27009,41060,Benton County,MN
27145,41060,Stearns County,MN
49053,41100,Washington County,UT
20043,41140,Doniphan County,KS
29003,41140,Andrew County,MO
29021,41140,Buchanan County,MO
29063,41140,DeKalb County,MO
17005,41180,Bond County,IL
17013,41180,Calhoun County,IL
17027,41180,Clinton County,IL
17083,41180,Jersey County,IL
17117,41180,Macoupin County,IL
17119,41180,Madison County,IL
17133,41180,Monroe County,IL
17163,41180,St. Clair County,IL
29071,41180,Franklin County,MO
29099,41180,Jefferson County,MO
29113,41180,Lincoln County,MO
29183,41180,St. Charles County,MO
29189,41180,St. Louis County,MO
29219,41180,Warren County,MO
29510,41180,St. Louis city,MO
41047,41420,Marion County,OR
41053,41420,Polk County,OR
06053,41500,Monterey County,CA
24039,41540,Somerset County,MD
24045,41540,Wicomico County,MD
49035,41620,Salt Lake County,UT
49045,41620,Tooele County,UT
48235,41660,Irion County,TX
48451,41660,Tom Green County,TX
48013,41700,Atascosa County,TX
48019,41700,Bandera County,TX
48029,41700,Bexar County,TX
48091,41700,Comal County,TX
48187,41700,Guadalupe County,TX
48259,41700,Kendall County,TX
48325,41700,Medina County,TX
48493,41700,Wilson County,TX
06073,41740,San Diego County,CA
39043,41780,Erie County,OH
39123,41780,Ottawa County,OH
06001,41860,Alameda County,CA
06013,41860,Contra Costa County,CA
06075,41860,San Francisco County,CA
06081,41860,San Mateo County,CA
06041,41860,Marin County,CA
06069,41940,San Benito County,CA
06085,41940,Santa Clara County,CA
72007,41980,Aguas Buenas Municipio,PR
72009,41980,Aibonito Municipio,PR
72017,41980,Barceloneta Municipio,PR
72019,41980,Barranquitas Municipio,PR
72021,41980,Bayamón Municipio,PR
72025,41980,Caguas Municipio,PR
72029,41980,Canóvanas Municipio,PR
72031,41980,Carolina Municipio,PR
72033,41980,Cataño Municipio,PR
72035,41980,Cayey Municipio,PR
72037,41980,Ceiba Municipio,PR
72039,41980,Ciales Municipio,PR
72041,41980,Cidra Municipio,PR
72045,41980,Comerío Municipio,PR
72047,41980,Corozal Municipio,PR
72051,41980,Dorado Municipio,PR
72053,41980,Fajardo Municipio,PR
72054,41980,Florida Municipio,PR
72061,41980,Guaynabo Municipio,PR
72063,41980,Gurabo Municipio,PR
72069,41980,Humacao Municipio,PR
72077,41980,Juncos Municipio,PR
72085,41980,Las Piedras Municipio,PR
72087,41980,Loíza Municipio,PR
72089,41980,Luquillo Municipio,PR
72091,41980,Manatí Municipio,PR
72095,41980,Maunabo Municipio,PR
72101,41980,Morovis Municipio,PR
72103,41980,Naguabo Municipio,PR
72105,41980,Naranjito Municipio,PR
72107,41980,Orocovis Municipio,PR
72119,41980,Río Grande Municipio,PR
72127,41980,San Juan Municipio,PR
72129,41980,San Lorenzo Municipio,PR
72135,41980,Toa Alta Municipio,PR
72137,41980,Toa Baja Municipio,PR
72139,41980,Trujillo Alto Municipio,PR
72143,41980,Vega Alta Municipio,PR
72145,41980,Vega Baja Municipio,PR
72151,41980,Yabucoa Municipio,PR
06079,42020,San Luis Obispo County,CA
06087,42100,Santa Cruz County,CA
35049,42140,Santa Fe County,NM
06083,42200,Santa Barbara County,CA
06097,42220,Sonoma County,CA
13029,42340,Bryan County,GA
13051,42340,Chatham County,GA
13103,42340,Effingham County,GA
42069,42540,Lackawanna County,PA
42079,42540,Luzerne County,PA
42131,42540,Wyoming County,PA
53061,42660,Snohomish County,WA
53033,42660,King County,WA
53053,42660,Pierce County,WA
12061,42680,Indian River County,FL
12055,42700,Highlands County,FL
55117,43100,Sheboygan County,WI
48181,43300,Grayson County,TX
22015,43340,Bossier Parish,LA
22017,43340,Caddo Parish,LA
22031,43340,De Soto Parish,LA
04003,43420,Cochise County,AZ
19193,43580,Woodbury County,IA
31043,43580,Dakota County,NE
46127,43580,Union County,SD
27133,43620,Rock County,MN
46083,43620,Lincoln County,SD
46087,43620,McCook County,SD
46099,43620,Minnehaha County,SD
46125,43620,Turner County,SD
22103,43640,St. Tammany Parish,LA
18141,43780,St. Joseph County,IN
26027,43780,Cass County,MI
45083,43900,Spartanburg County,SC
45087,43900,Union County,SC
53063,44060,Spokane County,WA
53065,44060,Stevens County,WA
17129,44100,Menard County,IL
17167,44100,Sangamon County,IL
25013,44140,Hampden County,MA
29043,44180,Christian County,MO
29059,44180,Dallas County,MO
29077,44180,Greene County,MO
29167,44180,Polk County,MO
29225,44180,Webster County,MO
39023,44220,Clark County,OH
42027,44300,Centre County,PA
51015,44420,Augusta County,VA
51790,44420,Staunton city,VA
51820,44420,Waynesboro city,VA
06077,44700,San Joaquin County,CA
45085,44940,Sumter County,SC
36053,45060,Madison County,NY
36067,45060,Onondaga County,NY
36075,45060,Oswego County,NY
12039,45220,Gadsden County,FL
12065,45220,Jefferson County,FL
12073,45220,Leon County,FL
12129,45220,Wakulla County,FL
12103,45300,Pinellas County,FL
12053,45300,Hernando County,FL
12057,45300,Hillsborough County,FL
12101,45300,Pasco County,FL
18021,45460,Clay County,IN
18153,45460,Sullivan County,IN
18165,45460,Vermillion County,IN
18167,45460,Vigo County,IN
05081,45500,Little River County,AR
05091,45500,Miller County,AR
48037,45500,Bowie County,TX
39051,45780,Fulton County,OH
39095,45780,Lucas County,OH
39173,45780,Wood County,OH
20085,45820,Jackson County,KS
20087,45820,Jefferson County,KS
20139,45820,Osage County,KS
20177,45820,Shawnee County,KS
20197,45820,Wabaunsee County,KS
26019,45900,Benzie County,MI
26055,45900,Grand Traverse County,MI
26079,45900,Kalkaska County,MI
26089,45900,Leelanau County,MI
34021,45940,Mercer County,NJ
04019,46060,Pima County,AZ
40037,46140,Creek County,OK
40111,46140,Okmulgee County,OK
40113,46140,Osage County,OK
40117,46140,Pawnee County,OK
40131,46140,Rogers County,OK
40143,46140,Tulsa County,OK
40145,46140,Wagoner County,OK
01063,46220,Greene County,AL
01065,46220,Hale County,AL
01107,46220,Pickens County,AL
01125,46220,Tuscaloosa County,AL
16053,46300,Jerome County,ID
16083,46300,Twin Falls County,ID
48423,46340,Smith County,TX
15003,46520,Honolulu County,HI
36043,46540,Herkimer County,NY
36065,46540,Oneida County,NY
13027,46660,Brooks County,GA
13101,46660,Echols County,GA
13173,46660,Lanier County,GA
13185,46660,Lowndes County,GA
06095,46700,Solano County,CA
48175,47020,Goliad County,TX
48469,47020,Victoria County,TX
34011,47220,Cumberland County,NJ
37029,47260,Camden County,NC
37053,47260,Currituck County,NC
37073,47260,Gates County,NC
51073,47260,Gloucester County,VA
51093,47260,Isle of Wight County,VA
51095,47260,James City County,VA
51115,47260,Mathews County,VA
51181,47260,Surry County,VA
51199,47260,York County,VA
51550,47260,Chesapeake city,VA
51650,47260,Hampton city,VA
51700,47260,Newport News city,VA
51710,47260,Norfolk city,VA
51735,47260,Poquoson city,VA
51740,47260,Portsmouth city,VA
51800,47260,Suffolk city,VA
51810,47260,Virginia Beach city,VA
51830,47260,Williamsburg city,VA
06107,47300,Tulare County,CA
48035,47380,Bosque County,TX
48145,47380,Falls County,TX
48309,47380,McLennan County,TX
53071,47460,Walla Walla County,WA
13153,47580,Houston County,GA
13225,47580,Peach County,GA
51013,47900,Arlington County,VA
51043,47900,Clarke County,VA
51047,47900,Culpeper County,VA
51059,47900,Fairfax County,VA
51061,47900,Fauquier County,VA
51107,47900,Loudoun County,VA
51153,47900,Prince William County,VA
51157,47900,Rappahannock County,VA
51177,47900,Spotsylvania County,VA
51179,47900,Stafford County,VA
51187,47900,Warren County,VA
51510,47900,Alexandria city,VA
51600,47900,Fairfax city,VA
51610,47900,Falls Church city,VA
51630,47900,Fredericksburg city,VA
51683,47900,Manassas city,VA
51685,47900,Manassas Park city,VA
54037,47900,Jefferson County,WV
24021,47900,Frederick County,MD
24031,47900,Montgomery County,MD
11001,47900,District of Columbia,DC
24017,47900,Charles County,MD
24033,47900,Prince George's County,MD
09140,47930,Naugatuck Valley Planning Region,CT
19013,47940,Black Hawk County,IA
19017,47940,Bremer County,IA
19075,47940,Grundy County,IA
36045,48060,Jefferson County,NY
55073,48140,Marathon County,WI
39081,48260,Jefferson County,OH
54009,48260,Brooke County,WV
54029,48260,Hancock County,WV
53007,48300,Chelan County,WA
53017,48300,Douglas County,WA
39013,48540,Belmont County,OH
54051,48540,Marshall County,WV
54069,48540,Ohio County,WV
20015,48620,Butler County,KS
20079,48620,Harvey County,KS
20173,48620,Sedgwick County,KS
20191,48620,Sumner County,KS
48009,48660,Archer County,TX
48077,48660,Clay County,TX
48485,48660,Wichita County,TX
12119,48680,Sumter County,FL
42081,48700,Lycoming County,PA
37019,48900,Brunswick County,NC
37129,48900,New Hanover County,NC
37141,48900,Pender County,NC
51069,49020,Frederick County,VA
51840,49020,Winchester city,VA
54027,49020,Hampshire County,WV
37057,49180,Davidson County,NC
37059,49180,Davie County,NC
37067,49180,Forsyth County,NC
37169,49180,Stokes County,NC
37197,49180,Yadkin County,NC
25027,49340,Worcester County,MA
53077,49420,Yakima County,WA
42133,49620,York County,PA
39099,49660,Mahoning County,OH
39155,49660,Trumbull County,OH
06101,49700,Sutter County,CA
06115,49700,Yuba County,CA
04027,49740,Yuma County,AZ
