date,gdp,gnp,potential_gdp,real_gdp,real_gnp,real_potential_gdp,real_gdp_nfb,potential_lf,potential_lf_prod,potential_lfpr,noncyclical_rate_of_unemployment,output_gap,nfb_real_potential_gdp,nfb_potential_hrs_worked,nfb_index_capital_services,nfb_potential_tfp,nfb_potential_lab_prod,nfb_capital_share,pce_price_index,core_pce_price_index,pce_medical_price_index,cpiu,core_cpiu,chained_cpiu,cpiu_medical_price_index,gdp_price_index,eci_wages_salaries,oil_rac_imported,oil_rac_composite,oil_price_wti_spot,nat_gas_price_henry_hub,house_price_index_fhfa,exchange_rate_export_weighted,unemployment_rate,labor_force_census,labor_force,lfpr_16yo_census,lfpr_16yo,empl_civ_16yo_census,empl_civ_16yo,empl_payroll_nf,output_per_hr_nfb,hours_nfb,population_civ_16yo_census,population_civ_16yo,households,treasury_note_rate_10yr,treasury_bill_rate_3mo,fed_funds_rate,gdi,personal_income,compensation,wages_and_salaries,nonwage_income,prop_inc_farm_adj,prop_inc_nonfarm_adj,rental_inc_adj,interest_inc_pers,dividend_inc_pers,corp_profits_adj,corp_profits_domestic_adj,pce,gross_pri_dom_invest,nonres_fixed_invest,res_fixed_invest,change_pri_inv,government_c_gi,federal_government_c_gi,sl_government_c_gi,net_exports,exports,imports,current_account_balance,real_pce,real_gross_pri_dom_invest,real_nonres_fixed_invest,real_res_fixed_invest,real_change_pri_invest,real_government_c_gi,real_federal_government_c_gi,real_sl_government_c_gi,real_net_exports,real_exports,real_imports
1949,276.5,277.89999999999996,NA,2274.025,2291.025,NA,1450.7,NA,NA,NA,NA,NA,NA,NA,7.7849215819275616,NA,NA,0.329,12.5155,NA,NA,24.1075,NA,NA,14.691666666666668,12.1555,NA,NA,NA,NA,NA,NA,NA,4.5333333333333336,61.549326125216576,60.952833333333328,59.200600946616456,58.879099622063304,58.636827436236504,58.198166666666664,44.705416666666664,23.314999999999996,42.03975,103.967701281183,103.52225,NA,NA,1.1324999999999998,NA,276.25,214.625,146.42500000000002,137.225,62.65,14.774999999999998,22.925,7.575,10.15,7.225,30.9,29.65,177.55000000000002,45.80775,28.825,14.8855,2.09725,47.55725,29.4135,18.1435,5.55,15.425,9.9,1.4000000000000002,1418.875,249.02249999999996,129.78199999999998,176.5575,7.8174999999999984,627.727,306.83775000000004,297.16950000000004,9.625,71,61.375
1950,278.675,279.95,282.58053596980228,2324.4,2340.125,2356.996539977416,1489.6499999999998,61.969282519041168,38.03371053688056,59.00093039,5.27790625,-1.3970396314871154,1508.511844930928,41.842826188748688,8.1068398656706192,42.04337986219184,17.162176350057524,0.329,12.32425,NA,NA,23.682499999999996,NA,NA,14.925,11.98425,NA,NA,NA,NA,NA,NA,NA,6.4083333333333336,62.48141137505672,61.852833333333336,59.464362621330872,59.145648331030288,58.403884530197848,57.891000000000008,43.800083333333336,24.59525,40.906,105.07308981426076,104.57716666666668,NA,NA,1.0941666666666668,NA,276.375,218.825,146.75,136.775,62.7,11.875,23.475,8.3,11.25,7.8,30.125,29.025,181.925,44.014250000000008,26.74525,17.556,-0.2872499999999998,49.71625,29.4335,20.28325,3,12.45,9.425,-0.64999999999999992,1476.525,242.16325,121.2995,211.079,-1.0227500000000002,653.92175,300.76049999999996,339.99374999999996,1.2000000000000002,60.6,59.4
1951,327.05,328.72500000000004,315.62624206928536,2575.8,2595.225,2486.038352183004,1673.35,62.207126032703608,39.963983310952856,59.037331455,5.30471825,3.6051079164626576,1587.136690231754,42.505602838839424,8.470974971978184,43.165776023350208,17.775428348272378,0.329,13.013250000000002,NA,NA,25.135,NA,NA,15.441666666666666,12.63,NA,NA,NA,NA,NA,NA,NA,3.8666666666666664,62.771712760882496,62.13,59.549652438435784,59.251817085907192,60.248591433859872,59.72475,47.086833333333328,25.781249999999996,43.84425,105.410629126173,104.85741666666666,NA,NA,1.3533333333333332,NA,324.97500000000004,249.55,174,161.35,70.575,14.35,25.75,9.2,12.35,8.925,40.375,38.875,203.125,64.761749999999992,33.023000000000004,20.88925,10.84975,58.82825,36.595,22.234,0.29999999999999992,14.475000000000002,14.2,-1.625,1561.55,322.76425,139.34875,233.8855,39.847,739.3925,363.044,348.02250000000004,-10.2,66.825,77.025
1952,357.10000000000004,359.125,345.1803913718514,2713.575,2735.75,2622.89398560893,1731.825,62.325181506460536,42.083031493699336,59.0766369675,5.3305862258682248,3.4726977339307244,1670.2131878648618,43.138558888047304,8.845785463724608,44.318135835069328,18.431104954519696,0.329,13.531999999999998,NA,NA,26.288333333333332,NA,NA,16.25,13.13625,NA,NA,NA,NA,NA,NA,NA,3.1416666666666668,62.742278979777176,62.078416666666672,59.525743556351672,59.24100746627768,60.649799896821576,60.11325,48.28,26.4325,44.26025,105.4039963111145,104.78983333333334,NA,NA,1.6066666666666666,NA,353.85000000000004,273.05,193.225,178.30000000000002,75.074999999999984,14.75,28.125,10.275,13.375,8.5499999999999984,40.4,38.5,212.325,57.55025,35.09525,18.038249999999996,4.417,83.83625,59.645,24.19075,3.4000000000000004,17.899999999999998,14.475,2.375,1568.875,277.1975,139.80099999999998,193.3335,15.3775,1020.22,581.71975,354.421,4.525,75.775,71.25
1953,382.05,384.05,369.78936336217904,2853.35,2875.125,2761.8262693549356,1821.525,62.927702753913744,43.887543611313016,59.11593676,5.3521876427383424,3.3017932224803372,1753.4275783283606,43.998673963082808,9.1865984251143904,45.33662351417484,18.971461173990496,0.329,13.73975,NA,NA,26.675833333333332,NA,NA,17.008333333333332,13.374749999999998,NA,NA,NA,NA,NA,NA,NA,2.8333333333333336,63.237422339628072,62.736666666666664,59.377782798857576,59.098210682079208,61.335889094246408,60.960750000000008,49.863833333333336,26.902,45.7315,106.5000724693985,106.15558333333334,NA,NA,1.9525,NA,379.475,293.47500000000004,210.025,194.15,78.125,13.6,29.575,11.425,14.775,8.75,41.575,39.725,227.875,60.43375,36.241,19.614,4.57875,94.5095,68.975750000000008,25.534,-0.75,15.2,15.95,-1.35,1658.325,291.21024999999996,143.42675,206.9015,18.036749999999996,1122.096,659.88325,360.37225,-18.925,65.325,84.25
1954,387.15,389.05,387.19063125749776,2863.775,2884.8500000000004,2863.9741353380488,1818.1,63.712474957949784,44.95079956988796,59.152431032500008,5.3681192109298712,0.0056427564148865408,1815.1880567216848,44.603065849001424,9.5238710813182352,45.949277128471024,19.373919731228632,0.329,13.93625,NA,NA,26.899166666666668,NA,NA,17.608333333333334,13.53175,NA,NA,NA,NA,NA,NA,NA,4.375,63.606557006952448,63.25425,59.053130877945712,58.745574673829824,60.683040194944696,60.485,49.690916666666664,27.326,44.947,107.71012307911126,107.67416666666666,NA,2.5866666666666668,1.32,NA,383.57500000000008,300.02500000000004,214.35,197.8,80.050000000000016,11.95,29.925,12.625,16.5,9.05,37.4,35.65,234.975,57.26175,38.82625,19.689999999999996,-1.25475,95.183500000000016,67.4785,27.705,-0.25,15.45,15.7,-0.57499999999999992,1685.8,277.1755,151.25025,207.03125,-4.4500000000000008,1122.808,640.674,389.376,-17.125,66.875,84
1955,406.325,408.625,401.41022877466056,2977,3000.8,2941.2153983924668,1897.7,64.53211513925024,45.576954218016552,59.18326096,5.37986775,1.2040796346943968,1863.240217570012,45.011826459376496,9.8642900089723696,46.346704106008248,19.706258817571836,0.329,13.941500000000002,NA,NA,26.786666666666668,NA,NA,18.016666666666664,13.635000000000002,NA,NA,NA,NA,NA,NA,NA,5.1083333333333336,64.235395408411048,63.928333333333336,58.920325439786672,58.664083359708488,60.87960568931872,60.657916666666664,49.554333333333336,28.508000000000004,44.95825,109.01984455422926,108.97333333333332,NA,2.5575,1.1525,1.215,403.425,310.89999999999996,220.175,202.675,84.075,11.175,31.875,13.275,18,9.75,45.6,43.475,248.325,65.625,39.828,24.293,1.5042499999999998,91.7265,61.04125,30.68525,0.65,16.675,16.024999999999998,0.27500000000000004,1781.025,312.5025,155.09550000000002,251.7855,5.45575,1048.5295,559.02599999999992,422.0565,-12.225,72.6,84.825
1956,438.25,440.925,423.33355815747096,3125.775,3151.9,3019.2516271050592,2004.15,65.347913843245056,46.202096621025984,59.2055261975,5.38979586403656,3.5314999804768708,1913.7354737800556,45.389632685411296,10.280616045293304,46.722490498846104,20.071830176295504,0.329,14.10725,NA,NA,26.8825,NA,NA,18.558333333333332,13.9865,NA,NA,NA,NA,NA,NA,NA,4.1416666666666664,66.424094089076008,66.088583333333336,60.170552312109992,59.897505808740704,63.540772743914424,63.347416666666664,51.841083333333336,28.82775,46.96625,110.3919923139945,110.33516666666666,NA,2.96,2.2716666666666668,2.3683333333333332,438.05,336.47500000000004,240.65,221.375,89.175000000000016,10.325,34.5,13.525,19.8,11.025,50.2,47.6,265.075,77.238,47.18625,24.67425,5.37775,95.13125,61.7495,33.382000000000004,0.8,19.175,18.35,1.0750000000000002,1879,350.82299999999996,174.85425,249.81775,20.524,1035.7085,536.788,440.304,-15.274999999999998,81.75,97.025
1957,463.375,466.35,451.24988565616856,3188.125,3216.05,3104.6607841234368,2038.525,66.123753682319264,46.951464682428,59.2168636275,5.3999221945190424,2.689297171092564,1970.0975525054348,45.757419444306336,10.729553142657482,47.161949599914744,20.496817523572192,0.329,14.507,NA,NA,27.664166666666668,NA,NA,19.266666666666664,14.50825,NA,NA,NA,NA,NA,NA,NA,4.0749999999999992,67.071762752116784,66.721333333333336,60.076809683517304,59.7986583594202,64.215652691319208,64.004416666666672,52.859333333333328,29.097,47.326750000000008,111.644319786231,111.5775,NA,3.4441666666666668,2.9633333333333332,2.9175,465.625,359.35000000000004,257.27499999999996,235.825,94.8,10.55,36.375,13.85,22.475,11.55,50.375,47.325,278.89999999999996,77.76175,51.81525,23.2885,2.658,102.702,65.8425,36.8595,4,23.55,19.55,4.475,1922.475,337.481,179.571,232.69175,9.0270000000000016,1066.5255,548.66025,459.55275,-4.775,96.175,100.95
1958,473.475,476.25,478.58339637798176,3175.8,3201.725,3209.5962296519948,2007.325,66.952211476796392,47.937547242215456,59.2162221025,5.4125622402725224,-1.0307977214417618,2039.5168844638672,46.199102568667128,11.116063303868602,47.911432658224472,21.016068231154304,0.329,14.937250000000002,NA,NA,28.5825,29.308333333333332,NA,20.125,14.94675,NA,NA,NA,NA,NA,NA,NA,5.7083333333333336,67.653785930617928,67.285666666666672,59.821483630951392,59.536391295412544,63.624257181334048,63.445083333333328,52.058,29.673250000000004,45.7,113.092820990026,113.01616666666666,NA,3.3808333333333332,2.3441666666666668,2.3224999999999996,472.875,371.875,261.8,238.725,99.8,12,37.25,14.45,24.375,11.725,43.675,40.875,290.47500000000004,70.544749999999992,51.120000000000008,21.913,-2.4885,110.2335,69.67125,40.5625,2.25,21.95,19.75,2.7,1944.575,309.647,172.9915,218.696,-6.2932500000000008,1104.9785,557.09849999999992,493.28275,-15.6,88.7,104.3
1959,504.6,507.17499999999992,505.76399098982552,3320.675,3345.2,3328.474907621506,2115.175,67.85260976172708,49.053181954804104,59.2044408475,5.4301874139556888,-0.2482275884146734,2118.3728742702116,46.726287785180248,11.459810242179512,48.890991571455224,21.582253817706024,0.329,15.142499999999998,NA,NA,28.973333333333332,29.866666666666668,NA,21.1,15.17575,NA,NA,NA,NA,NA,NA,NA,6.1583333333333336,68.224283532039936,67.9795,59.54176865224456,59.373590417407456,63.933439824146024,63.797250000000008,52.335333333333336,30.9605,46.14275,114.582692391656,114.49575,NA,3.8866666666666664,2.5358333333333332,2.285,504.55,391.8,276.425,251.7,104.05000000000002,11.025,39.1,15.075,26.925,11.925,52.2,49.675,306.14999999999996,81.13675,50.111000000000008,26.53925,4.4865,117.20375,72.936,44.268,0.075000000000000016,21.225,21.1,-0.84999999999999984,2021.825,346.01575000000004,168.22125,265.10025,17.117249999999998,1146.38175,567.439,527.86474999999992,-27.425,86.55,113.975
1960,534.32500000000008,537.29999999999992,533.29173190201152,3471.325,3498.075,3464.5834155117028,2215.7,68.890618451073752,50.289504075528624,59.18442533,5.4533735924224856,0.19735425188129596,2206.4534446790404,47.357590251448816,11.866630703022066,49.91045840175944,22.179870881856176,0.329,15.424,15.80975,6.6279190552124232,29.383333333333332,30.466666666666664,NA,21.891666666666664,15.3865,NA,NA,NA,NA,NA,NA,NA,5.3083333333333336,69.201061650764744,68.94275,59.449984048564368,59.278354342916368,65.389514041946272,65.26925,54.050916666666664,31.54275,47.452,116.40192611652574,116.30325,NA,4.4583333333333328,3.6591666666666664,3.7991666666666672,534.07500000000008,413.375,294.375,267.22499999999996,109.425,9.925,40.425,16.100000000000002,29.925,13.05,55.525,52.5,325.52499999999996,88.4255,55.58225,28.11125,4.732,118.35775,72.603749999999984,45.754,2.025,25.05,23.05,0.69999999999999992,2110.575,375.62675,184.17475,279.66674999999996,21.4,1152.7935,565.46400000000008,538.6215,-21.675,100.675,122.35
1961,546.57500000000008,549.975,561.75935606503504,3508.1,3537.425,3605.4914663588336,2207.625,69.896004818319456,51.582340295832064,59.1608976425,5.4804098898315432,-2.694495758892168,2295.5474946228516,47.970416230987832,12.28009871784252,50.893291740783792,22.780837176177904,0.329,15.639249999999998,16.030750000000002,6.915737325079596,29.76,30.783333333333332,NA,22.583333333333332,15.59175,NA,NA,NA,NA,NA,NA,NA,6.4,70.62543213854872,70.301833333333336,59.757518192263448,59.562071673236112,65.947400923120296,65.80166666666668,53.911583333333336,31.792,46.91,118.1869966094375,118.03141666666668,NA,3.8241666666666664,2.33,2.2425,548.025,429.2,303.77500000000004,274.675,114.125,11.175,40.55,16.8,32.049999999999996,13.55,52.5,49.3,335.02499999999996,81.2065,55.81425,25.95425,-0.56199999999999984,125.05525,75.226750000000016,49.82825,5.3000000000000008,27.35,22.049999999999996,4.4250000000000008,2142.25,347.31475,185.27925,256.926,-1.1585,1194.03575,575.23800000000008,573.69925,-7.875,108.8,116.675
1962,585.67499999999992,589.35,590.1215365027308,3715.95,3747.1,3744.2650350457992,2358.875,70.737500487352048,52.930515608723464,59.139838605,5.5106829419555672,-0.76330662733246352,2382.0796348169732,48.46431654173932,12.714800048848072,51.865137886422688,23.398696329075464,0.329,15.786750000000002,16.24175,6.9422327637993288,30.065833333333332,31.208333333333332,NA,23.225,15.75075,NA,NA,NA,NA,NA,NA,NA,6.0333333333333336,70.733896837533112,70.38225,59.166838204635016,58.973083665071752,66.368242645005664,66.147500000000008,54.931083333333336,33.518749999999996,47.53625,119.55014777862624,119.34708333333334,NA,3.9608333333333336,2.5508333333333332,2.2866666666666668,585.525,455.45,322.02499999999996,290.675,121.725,11.375,43.175,17.625,35.049999999999996,14.5,61.025,57.625,351.8,94.657,59.04925,28.732,6.8759999999999992,134.7525,81.37975,53.37275,4.475,28.55,24.1,3.75,2228.4,401.50125,196.3225,283.84974999999996,29.47525,1267.08925,618.38200000000008,597.00825,-16.425,112.1,128.525
1963,618.20000000000008,622.6,621.2711780577608,3880.225,3915.8,3899.4756743938192,2465.625,71.823689626519896,54.290471432250088,59.127817325,5.5465036184463496,-0.49115939584698784,2479.9040559995832,49.11863877454208,13.21173073005125,52.852141610738592,24.034833723762888,0.329,15.97525,16.44775,7.0792513762589336,30.424166666666672,31.583333333333336,NA,23.808333333333332,15.94,NA,NA,NA,NA,NA,NA,NA,5.65,71.726432849836256,71.172,59.039617162266256,58.672137983475232,67.532612934451752,67.158666666666664,56.183916666666672,34.62975,48.09725,121.4889360950235,121.30508333333332,NA,3.9375,2.875,2.925,620.275,480.15,340.55,306.45,128.525,11.05,44.575,18.425,38.849999999999992,15.625,67.125,63.1,371.9,98.61675,62.444,30.8585,5.314,143.3675,86.64675,56.721,4.3,29.725,25.45,4.175,2328.075,421.44375,207.52575,305.354,25.36075,1318.88625,643.91824999999992,620.99875,-18.35,117.1,135.44999999999998
1964,661.70000000000008,666.475,657.24762083760528,4097.5250000000008,4135.175,4070.0056755962112,2627.15,73.143663455678912,55.64203941640908,59.1313985775,5.5898480089645384,0.67234347251012296,2588.6344685580808,49.927927164814256,13.757653930033766,53.857928209091128,24.68194123520968,0.329,16.1985,16.701,7.2383541477949504,30.858333333333336,32.083333333333336,NA,24.341666666666668,16.137,NA,NA,NA,NA,NA,NA,NA,5.4333333333333336,73.084883881048688,72.51775,59.08494011923664,58.745796129403984,68.957141686259976,68.56725,57.504000000000008,35.94225,49.375,123.69344007085076,123.44233333333334,NA,4.1333333333333328,3.4491666666666668,3.4341666666666664,660.95000000000008,509.375,362.3,325.5,136.275,10.3,47.35,18.8,42.675,17.149999999999998,74.775,70.425,395.625,108.19825,68.392250000000008,34.716250000000004,5.09,151.946,89.9345,62.01125,5.925,32.975,27.05,6.425,2442.4,459.65975,226.6925,346.95074999999996,21.387,1365.739,652.48925000000008,664.13725,-10.525,129.975,140.5
1965,709.32500000000008,714.525,697.50812572534504,4321.05,4361.3,4249.1552202916824,2783.025,74.444293339462,57.07635318381912,59.156744445,5.6395626421279904,1.6871609006233412,2704.764694110622,50.719405013116248,14.39991577200524,54.882855123249136,25.386764402690536,0.329,16.419,16.91725,7.4347889751430224,31.255833333333336,32.516666666666664,NA,24.85,16.416,NA,NA,NA,NA,NA,NA,NA,4.8833333333333328,74.2828626934604,73.662916666666656,59.0194825801598,58.675606922780184,70.513510183096456,70.068833333333328,59.515916666666672,36.60625,51.35425,125.86033792137274,125.54175,NA,4.1941666666666672,3.7358333333333336,3.7725,711.225,547.67499999999992,389.725,349.95,146.55000000000002,10.775,50.45,19.025,47.2,19.099999999999996,82.55,77.949999999999984,425.425,120.30225,78.0855,34.76175,7.455,157.2545,90.106,67.1485,6.325,35.825000000000004,29.475,6.925,2591.15,505.975,256.38374999999996,337.98525,33.694249999999996,1378.008,636.2555,702.89625,-13.75,137.30000000000002,151.05000000000002
1966,780.475,785.475,743.92234109994256,4653.7,4692.6,4435.9984270927072,3023.525,75.598725677377952,58.676342804108936,59.20941694,5.69142,4.8982226390771936,2829.0278522773292,51.409119930934304,15.196172051403136,55.927286597168296,26.196919783166528,0.329,16.719750000000002,17.1725,7.6311169477051936,31.929166666666668,33.025,NA,25.608333333333336,16.772749999999998,NA,NA,NA,NA,NA,NA,NA,4.0416666666666672,75.676502759185584,75.021166666666672,59.256492082923248,58.921509338750888,72.448427901036528,71.990916666666664,62.458083333333336,38.3385,53.26925,127.7096045887755,127.32358333333334,56.28052187001248,4.5675000000000008,4.3075,4.4291666666666664,775.95,595.70000000000008,426.575,381.25,158.65,13.075,53.425,19.65,51.525,20.975,94.275,89.75,462.7,138.17250000000002,92.134,35.27225,10.766,174.51775,99.59625,74.9215,5.075,39.4,34.275,5.1499999999999992,2767.4,572.336,298.76825000000004,333.6205,47.782,1476.39775,680.11474999999992,755.42775,-24.1,147.975,172.07499999999998
1967,836.525,841.675,800.87309638915264,4839.85,4878.75,4633.4255595517608,3134.125,76.715401158851024,60.395479784139032,59.2943035425,5.7406875,4.462035330066788,2962.8982708804216,52.073829548968288,16.080896906383124,56.991593806438016,27.086218309454764,0.329,17.172,17.668500000000002,8.0069949047113536,32.908333333333332,34.116666666666668,NA,27.241666666666668,17.280999999999998,NA,NA,NA,NA,NA,NA,NA,3.7833333333333336,77.191796157889024,76.466333333333328,59.69573468210676,59.34263941930476,74.133029284428624,73.5795,65.14375,39.058,54.20775,129.30886745412076,128.85533333333334,57.058028050554896,4.8866666666666664,4.6066666666666664,4.9466666666666664,831.35,643.42499999999992,466.275,415.5,166.25,11.875,56.3,20.175,57.075,20.825,94.05,89.45,493.05,142.33875,98.446,31.363,12.530000000000002,197.3715,114.2355,83.1365,3.8,42.65,38.85,3.725,2871.125,574.54325000000008,312.952,285.49625000000004,53.26525,1611.2707500000002,761.3985,796.57375,-39.3,153,192.3
1968,897.575,903.35,866.11143845466064,5018.875,5060.5750000000008,4843.2223806671736,3240.55,78.103025537304256,62.008352382217088,59.41554344,5.7866501213531496,3.6207134989003016,3105.3739011270216,52.923410429857144,16.921744817723792,58.076154990191824,27.932880835036156,0.329,17.703500000000002,18.2995,8.4228377587754976,34.025,35.450000000000004,NA,29,17.88,NA,NA,NA,NA,NA,NA,NA,3.75,78.948683677036304,78.180416666666672,60.038650425097344,59.690876424967368,75.782823952305616,75.245666666666672,66.870833333333336,40.2045,54.4445,131.49654718421352,130.97558333333334,58.556367829946424,5.5608333333333328,4.9058333333333328,4.71,893.875,694.92499999999992,504.1,448.425,175.82499999999998,11.575,59.75,20.225,61.95,22.325,97.55,92.375,528.79999999999992,150.42975000000002,102.8525,37.523250000000008,10.054,216.2645,124.43325,91.831250000000016,2.075,44.85,42.75,2.5,2986.8999999999996,589.5295,317.61575,328.58425,42.42025,1691.3409999999998,800.0955,834.8855,-53.25,157.1,210.35
1969,980.275,986.575,946.3154491146384,5241.825,5285.175,5060.041868207644,3396.125,79.6750144298868,63.506259647038904,59.576351304999992,5.8330477934494016,3.5958031660628772,3253.810017114678,53.864036084482648,17.789676213613876,59.163957210512768,28.756987630078052,0.329,18.45575,19.14275,8.8914285661723696,35.683333333333332,37.333333333333328,NA,30.891666666666664,18.698,NA,NA,NA,NA,NA,NA,NA,3.4416666666666664,80.382817117267104,79.578916666666672,60.100713419086448,59.762747257293568,77.41924036823944,76.842666666666672,69.330999999999992,40.98175,55.9815,133.74525540139226,133.15658333333334,59.776420714118704,5.94,5.7683333333333336,6.6891666666666672,978.65,765.45,556.9,494.55,190.375,11.975,63.849999999999992,20.175,70.3,24.075,102.625,96.5,581.6,165.388,113.538,43.2505,8.59975,232.32025,129.41900000000002,102.9005,0.975,49.2,48.225,1.175,3151.45,620.40075,337.09474999999996,355.18124999999996,35.80025,1722.9279999999998,792.57825,882.142,-63.8,168.94999999999998,232.75
1970,1046.675,1052.9,1037.0892582388754,5313.025,5354.6,5263.4101254142328,3431.125,81.496767051781888,64.582828643972984,59.785880938143008,5.8837875916366576,0.9550024215653264,3397.1752746514412,54.76337530147252,18.695545914372556,60.083799434377376,29.53121803647286,0.329,19.3315,20.038,9.4847302734939632,37.791666666666664,39.583333333333336,NA,32.858333333333336,19.6995,NA,NA,NA,NA,NA,NA,NA,4.0166666666666664,82.687913739255152,81.8385,60.677805131631824,60.34484783370016,79.149297072822528,78.536083333333344,71.127666666666672,40.966750000000008,56.5815,136.27284348452224,135.617,60.96745413211428,7.3083333333333328,7.0658333333333336,8.5958333333333328,1044.25,835.025,608.375,539.275,204.775,13.275,63.95,20.349999999999996,82.775,24.425,90.75,83.7,625.625,172.17625000000002,123.624,42.83075,5.72125,245.60125,132.6755,112.926,3.25,56.825,53.55,3.275,3236.125,617.51250000000008,351.0655,333.48325,23.03775,1698.15425,759.47725,899.617,-61.7,186.25,247.975
1971,1116.55,1123.525,1127.2057242503374,5393.375,5437.15,5444.9692690920984,3484,83.688586633131392,65.0616778511304,60.056586844855576,5.94048775,-0.94862312937301904,3529.7266880314316,55.689649007901448,19.516915696866112,60.8267833226634,30.173265715823092,0.329,20.197,21.01175,10.039156486540548,39.716666666666672,41.908333333333328,NA,35.133333333333332,20.69825,NA,NA,NA,NA,NA,NA,98.207220699900448,5.7083333333333336,84.366537637507056,83.503666666666672,60.540600076127352,60.22946601252452,79.357899223562672,78.734333333333328,70.89375,42.4345,55.4615,139.35684939409324,138.64433333333332,62.534227398869248,6.6441666666666672,4.9425,5.1741666666666664,1107.2,897.3,641.475,565.75,222.5,13.025,67.125,21.225,96.525,24.6,91.8,84.475,671.52500000000008,181.8705,126.38425,49.42975,6.057,260.32875,133.37475,126.95425,2.8249999999999996,61.875,59.075,2.575,3324.675,625.19149999999992,342.42375,373.74475,22.926499999999996,1667.8764999999998,708.9145,934.97725,-60.375,195.7,256.05
1972,1216.25,1224.05,1218.4708896812492,5610.55,5656.725,5621.2900271253512,3656.725,86.063643787918496,65.314916939710184,60.380638016004912,6.0020782917480472,-0.19781694419161176,3660.770514311728,56.662806516582784,20.33957643982496,61.524820175112928,30.756009837537588,0.329,20.9685,21.83275,10.438379272500048,41.158333333333328,43.408333333333328,NA,36.808333333333336,21.68175,NA,NA,NA,NA,NA,NA,93.523201995185728,5.8583333333333336,86.431367364739328,85.729416666666672,60.629337639236632,60.290711104060848,81.193390806342512,80.707,72.360166666666672,43.723749999999992,56.49025,142.55487694633826,142.19208333333332,64.460743820609408,6.1375,4.1116666666666664,4.5183333333333336,1207.55,972.775,695.79999999999992,609.025,239.5,13.925,73.975,21.95,104,25.65,108.025,99.575,730.9,210.05875,137.6155,66.163749999999992,6.2795000000000008,277.63549999999996,138.99175,138.64375000000002,-2.375,65.375,67.75,-3.225,3485.8,690.51874999999992,358.21075,468.0765,23.981,1649.3722499999998,678.26925000000008,956.3305,-77.625,200.225,277.85000000000004
1973,1352.725,1362.775,1313.9893618242568,5977.525,6032.275,5807.2474717737504,3964.775,88.433629914517072,65.66693708993272,60.747618610185968,6.0640258489151,2.921813535438844,3800.9793715718528,57.643610084278928,21.295347802064588,62.227602520935168,31.390532219481932,0.329,21.75375,22.50475,10.815587878688448,42.816666666666664,44.691666666666664,NA,37.941666666666664,22.6235,NA,NA,NA,NA,NA,NA,89.63986533140424,5.2,88.6390080334056,88.109833333333328,60.891542087554624,60.512041395137528,83.854401620690688,83.522833333333328,75.411166666666672,45.6695,58.636,145.56680651124,145.60541666666666,66.113292632894824,6.5183333333333336,5.3466666666666664,6.0608333333333328,1345.85,1081.775,770.775,672.475,272.375,22.25,81.625,23.625,116.75,28.125,127.15,115.475,810.45,248.8285,159.02600000000002,77.31225,12.4905,294.58625,143.45025000000002,151.13575,-1.15,80.875,82.05,0.30000000000000028,3725.2,781.798,401.03425,511.07175,40.87225,1638.5415,652.9675,979.71425,-73.05,231.475,304.55
1974,1482.85,1498.275,1458.4021109304724,6112.875,6186.775,6010.7580630852128,4061.45,90.829388211054688,66.175196380545472,61.147112785993688,6.119887165985108,1.7086139643199604,3956.2958023116896,58.803327068110304,22.328721473872628,62.914170702225592,32.028724902701624,0.329,23.50675,23.74325,11.430504076269444,46.65,46.983333333333336,NA,40.083333333333336,24.23725,NA,NA,NA,NA,NA,NA,84.8071135694424,4.975,91.346701736328928,90.798,61.494291176632088,61.097568462214784,86.608046989330624,86.277333333333328,77.925000000000016,45.55225,60.231,148.54269385250726,148.60941666666668,68.2117539445556,7.1391666666666672,7.8983333333333328,10.2825,1479.525,1195.725,849.725,741.25,305.95,28.925,86.15,23,135.94999999999998,31.924999999999996,132,114.4,886.275,272.73625,182.2515,74.3125,16.172249999999998,319.08125,149.8585,169.22275000000002,4.775,112.15,107.375,11.775,3770.4,797.3045,433.786,446.13675,44.484750000000008,1646.89025,634.73625000000008,1015.4205,-34.25,265.625,299.84999999999996
1975,1606.925,1619.825,1663.6837832505476,6010.275,6069.675,6220.4194389229608,3927.55,93.296870868842288,66.672560141202552,61.568704702023072,6.1654967666931152,-3.366200308713954,4117.0268609604864,60.178572386714752,23.204925476513844,63.583686315900608,32.568472042733972,0.329,25.93425,25.98225,12.677071943713834,51.791666666666664,51.991666666666664,NA,45.108333333333336,26.74375,NA,12.960833333333334,9.5783333333333328,NA,NA,NA,85.702933697141568,7.3416666666666672,93.53438275198144,92.895833333333328,61.734980716558488,61.272320353995072,86.460337231611024,86.088916666666672,77.573,45.508,58.3165,151.50939721295074,151.61149999999998,69.89236612850348,7.8058333333333328,6.6733333333333336,8.2899999999999984,1594.6,1309,915.9,791.975,328,21.25,91.625,22.85,159.17500000000002,33.1,122.575,107.65,976.8,259.98475,194.61675,64.857249999999992,0.51049999999999952,362.371,166.45024999999998,195.921,7.775,135.35,127.575,11.025,3766.55,676.99800000000008,406.62925,352.44349999999996,2.11975,1685.826,644.87425000000008,1046.0439999999998,-9.7,269.22500000000004,278.925
1976,1786.1,1801.45,1835.892431283858,6245.1,6309.125,6419.927224382028,4103.5,95.819339841515312,66.999716429333288,62.001978516869048,6.2004583629074096,-2.7301170034803948,4269.2712394238688,61.637555235456712,23.868673978618476,64.253383883758688,32.973584509490996,0.329,27.62625,27.712999999999996,13.929105031607002,55.458333333333328,55.641666666666664,NA,49.683333333333336,28.599500000000004,NA,13.929166666666668,10.746666666666666,NA,NA,38.008755354401064,88.930723948165968,8.0166666666666672,95.410924000216496,94.828,61.655170151059112,61.301059536947704,87.562390903756256,87.227333333333344,78.228333333333328,47.38025,58.499,154.56763598942252,154.691,71.51245521227892,7.9716666666666672,5.5075,5.3991666666666672,1770.175,1436.625,997.4,856.925,355.875,21.125,104.075,21.55,174.05000000000002,35.075000000000004,164.275,148.275,1090.7,292.09224999999996,206.3005,76.76625,9.02525,395.81025,180.24825,215.56175,7.5,141.69999999999998,134.19999999999998,15.55,3948.375,704.453,397.901,390.5655,23.15325,1725.5365,652.51775,1081.191,-18.125,272.25,290.375
1977,2024.325,2044.425,2047.2666640734876,6601.975,6677.35,6677.7736344527448,4406.475,98.921698928589168,67.504636432704928,62.544130572246872,6.2295888908538816,-1.143614285725894,4465.1496997018048,63.428781945082488,24.850611605608312,65.10027081828176,33.512395028674744,0.329,29.699,29.896499999999996,15.40344497423783,59.658333333333336,60.125,NA,55.75,30.669750000000004,NA,14.263333333333334,11.718333333333334,NA,NA,42.737998857840128,91.766587079855584,7.325,98.854498406099904,98.186166666666672,62.264782538797856,62.02289106340844,91.312122256114448,91,81.61775,48.7815,61.01475,158.15519146017576,158.30366666666666,73.362926185180928,7.3175,4.91,5.1274999999999992,2000.65,1613.6,1132.625,967.075,398.925,14.55,124.875,16.850000000000002,199.175,43.475,195.725,176.92500000000002,1240.875,375.45,247.63475,108.892,18.92325,425.349,196.32075,229.02825,-17.350000000000002,158.92500000000002,176.25,-5.2250000000000008,4178.15,838.1565,444.151,499.278,47.22125,1730.6345000000002,659.68049999999992,1077.05675,-59.45,288.925,348.39999999999996
1978,2273.45,2293.55,2261.8454595573484,6939.925,7011.675,6906.0795225331416,4674.35,101.39117341788168,68.111894312424696,62.96560573929304,6.2391423580932616,0.47868084342573016,4639.0797927835464,64.854018068745912,25.890538093732968,65.785810209358688,34.052492301144076,0.329,31.694000000000004,31.8405,16.62084263582419,63.858333333333336,64.158333333333328,NA,60.483333333333336,32.73525,NA,14.53,12.3025,NA,NA,48.857919014592248,87.197536831634656,6.2583333333333328,102.06821272894148,101.43583333333334,63.113778076382208,62.928273689497864,95.428138101401792,95.106083333333328,85.776166666666672,49.22825,64.131,161.02022568118076,161.18983333333332,75.196618024504768,8.1041666666666656,6.5733333333333336,7.1633333333333328,2257.75,1811.575,1276.125,1086.5,455.75,20.55,141.82499999999998,15.925,228.425,49.025,227.575,206.85,1383.125,455.0125,298.2045,132.1085,24.69925,463.96375,213.54275,250.42075,-28.675,174.975,203.65,-17.05,4363.875,935.35475,500.9255,539.282,52.026,1769.56325,673.18274999999992,1103.152,-70.025000000000008,304.95,374.975
1979,2565.575,2594.55,2530.5773573552084,7252.825,7345.125,7152.8463161629896,4922.025,103.88157299406768,68.854432799648904,63.364911320589432,6.2337886341552736,1.4037266369231028,4827.8152564850224,66.312534627620648,27.146595975810568,66.429025935886768,34.658497608098436,0.329,34.325250000000004,34.1025,18.165167530949132,70.45,70.05,NA,65.941666666666664,35.37975,NA,18.486666666666664,15.3275,NA,NA,55.312196039811312,83.845090367097664,5.8333333333333336,104.8981078261265,104.35066666666666,63.82359412583016,63.58684649493612,98.543012729840288,98.265916666666672,89.3765,49.66775,66.946249999999992,163.91419269574524,164.10683333333332,76.77109056385008,9.0358333333333328,9.2508333333333328,10.195833333333332,2524.7,2026.825,1438.525,1221.7,508.275,21.85,155.875,16.45,258.075,56.025,252.775,221.2,1542,531.6195,361.3485,147.30375,22.96775,511.91825,235.193,276.72500000000004,-19.95,218.075,238,-0.85000000000000016,4492.5,1009.4615,564.293,540.2495,47.455,1816.7565,691.962,1131.4475,-48.325,340.95,389.3
1980,2791.9,2828.075,2834.2592568846084,7258.025,7363.125,7365.341893585632,4895.025,106.34078726608434,69.26155345647692,63.731631474731024,6.2166561190511912,-1.4473292485547602,4980.3236919188232,67.82240014799592,28.426080226171876,66.464528242328,34.958336778428576,0.329,37.956,37.06975,20.144180109036448,80,78.508333333333328,NA,72.991666666666672,38.4655,NA,31.9425,26.19,NA,NA,60.701566012401824,84.1394406060692,6.8166666666666664,107.1245419472175,106.59441666666668,63.933727341463336,63.796369794473408,99.570435343844496,99.337916666666672,90.49375,49.3705,66.9765,166.88312676300626,167.08583333333332,78.399707201364912,10.965833333333332,10.991666666666668,12.786666666666668,2738.925,2255.7,1584.075,1341.475,567,12.225,157.55000000000002,17.225000000000002,316.925,63.075,225.6,187.875,1706.45,529.2005,399.05525,132.05875,-1.9132499999999996,574.318,265.75150000000004,308.5665,-18.075,271.075,289.14999999999996,6.1750000000000008,4497.025,917.909,573.34725,436.523,-3.7727499999999984,1852.73825,716.09275,1139.5082499999998,10.55,383.9,373.3
1981,3133.225,3163.875,3181.6808132568032,7417.7,7501.275,7532.5263873983744,4998.9,108.53103914146252,69.403769634611064,64.054711474089728,6.1836981643915416,-1.5246102041935494,5090.3266313370504,69.246936757645984,29.67219556005944,66.041596697598808,34.995224611065652,0.329,41.643,40.47925,22.574003716097492,88.883333333333328,87.1,NA,80.575,42.2375,40.875,36.885833333333328,34.279166666666668,NA,NA,63.295693085811832,89.574242488688416,7.4083333333333328,108.8391120414455,108.272,64.0129971277012,63.856268139150128,100.47879286534762,100.25508333333334,91.186666666666672,50.182,67.293000000000008,169.43845827902226,169.55566666666666,79.731176268215472,13.495,14.490833333333332,16.945,3097.125,2541.925,1754.2749999999998,1480.925,665.15,19.45,163.5,23.4,391.075,67.724999999999992,243.2,214.45,1898.3,608.24825,452.68825,134.23225,21.3275,637.1725,303.09775,334.075,-10.525,302.2,312.7,3.925,4558.225,964.19725,594.12375,406.4415,35.25875,1860.49825,744.5315,1109.51875,23.35,391.525,368.175
1982,3313.3500000000004,3350.7250000000004,3495.8800751337848,7334.05,7427.525,7736.616668742224,4876.975,110.4274537322144,70.059532094315728,64.337257564244752,6.1480582739654712,-5.1939328803562584,5234.7200585400824,70.515968888006864,30.851356733634424,66.201526623224664,35.3398739470054,0.329,44.22775,43.31225,25.204293712498428,95.491666666666672,94.65,NA,90.2,45.17425,44.05,34.29083333333334,32.505833333333336,NA,NA,63.33601042630612,101.93614883098818,9.1000000000000016,110.24933192718526,109.76866666666666,64.090355968930168,63.908781567335384,99.95405741821184,99.768416666666672,90.266416666666672,49.706,66.28,171.63534891508476,171.75725,80.762745858047232,13.856666666666668,11.575,13.333333333333332,3303.275,2748.6,1873.65,1574.05,737.59999999999984,14.025,155.275,23.425,472.625,72.25,232.6,200.125,2028.475,604.572,493.1575,110.17125,1.2432499999999988,696.567,339.65725000000004,356.90975000000004,-16.275000000000002,293.05,309.325,2.1749999999999988,4586.475,898.3545,604.05600000000008,314.93075,0.73424999999999856,1893.09575,773.942,1106.7855,1.3999999999999994,374.075,372.70000000000008
1983,3536,3571.7,3756.2759486529232,7498.025,7584.225,7966.0819828536208,5023.775,112.15433406119808,71.026637427034896,64.59011674621868,6.1111658457585152,-5.8856345114792904,5403.1189678406696,71.682743020956704,31.893018974155048,66.837351539401824,35.882962070607264,0.329,46.24625,45.6895,27.576425957715676,98.791666666666672,98.575,NA,99.05,47.14975,46.425,30.276666666666668,29.718333333333332,NA,NA,67.261014917553552,115.98864881267962,10.133333333333332,111.71962544442274,111.21508333333334,64.19381748156424,64.012390076599632,100.1805968416176,99.954583333333344,89.52525,51.260000000000008,66.193,173.6412023087355,173.73941666666668,81.456501147883168,10.85,8.3875,9.0508333333333328,3490.975,2922.95,1970.3,1643.2250000000002,790.85,8.8,173.525,25.125,503.45,79.95,257.47500000000004,223.425,2224.875,595.2035,471.36325,145.5285,-21.689,757.12,377.33225,379.788,-41.175,271.675,312.875,-25.175,4811,873.60025,571.87699999999992,404.2925,-34.646500000000004,1967.459,826.192,1120.70125,-45.05,348.05,393.1
1984,3949.175,3987.05,4014.226207564012,8085.45,8174.05,8219.3138679946992,5504.925,113.7541409264955,72.253575864323008,64.802977250697424,6.0720805694124512,-1.6359966532686566,5586.905343757232,72.772430573924176,33.25637855159404,67.55033583298184,36.547787257103888,0.329,48.02675,47.6505,29.728607537974244,102.88333333333332,103.44166666666666,NA,105.36666666666668,48.8365,48.6,29.075000000000004,28.796666666666668,NA,NA,70.429665095418624,125.74063194273082,7.8166666666666672,113.30864456531626,113.00775,64.438842297708872,64.267782349335504,104.20055316919174,104.16366666666668,93.534833333333344,52.772000000000008,70.462999999999992,175.53630525780448,175.83741666666668,83.096228333620864,12.424166666666666,9.5216666666666672,10.265833333333334,3898.75,3213.8999999999996,2166.85,1805.175,901.925,16.25,204.075,23.2,573.29999999999992,85.1,328.425,291.7,2445.025,791.7785,545.26700000000008,187.11825,59.393249999999992,805.993,399.71175,406.281,-93.625,296.875,390.525,-78.4,5091.025,1154.61125,662.58075,506.318,88.7745,2015.0545,843.1575,1151.8844999999998,-121.9,373.3,495.25
1985,4265.125,4292.4,4291.6205351294048,8450,8515.75,8502.6709860776208,5765.75,115.30454613069844,73.739373706090192,64.981961382999528,6.029686933051196,-0.6220157592573716,5793.7030702657568,73.835531214378896,34.929816973593872,68.270925852868816,37.354841720889168,0.329,49.698,49.568749999999992,31.61568298555104,106.675,108.15,NA,111.81666666666666,50.468,50.7,27.450833333333332,27.129166666666668,NA,NA,72.884528371137632,139.5096666692333,7.2583333333333328,115.19298066284926,114.97875,64.76958261372164,64.684155933856728,106.61918923259926,106.63425,96.898083333333328,53.59,72.677,177.4333830319055,177.75358333333336,84.609578870000048,11.119166666666666,7.8883333333333344,8.3916666666666672,4220.125,3468.35,2344.1,1948.4,979.275,21.25,215.425,27.15,624.1,91.35,351.77499999999996,314.60000000000004,2658.425,822.70075,600.96,196.20175,25.5395,891.56275,444.43125,447.13175,-107.6,304,411.625,-106.375,5348.875,1185.58975,723.766,515.88924999999992,36.338,2150.4522500000004,909.02975,1216.90925,-149.85,392.8,542.625
1986,4526.25,4546.6,4538.9814476100816,8769.6,8820.45,8794.2298249375776,6006.575,116.9278263891109,75.209170655509504,65.159344027096608,5.9827576499052472,-0.27920660383583264,6004.5306280107208,74.951453228996512,36.4959219522484,68.999202732789256,38.137824318094504,0.329,50.99775,51.3685,33.451304572212764,109.325,112.63333333333334,NA,119.91666666666668,51.60325,52.575,17.631666666666668,17.973333333333332,NA,NA,78.028788242618896,131.49092626585778,7.05,117.2036354951125,117.25166666666666,65.196717415439864,65.146205043809944,108.73561995728226,108.98341666666668,99.026416666666672,55.204,73.50275,179.44123244062222,179.98058333333332,85.957551990453904,8.3066666666666672,6.4316666666666664,7.2641666666666656,4449.5,3684.525,2504.7999999999996,2073.45,1033.025,21.475,230.05,21.325000000000004,658.275,101.9,331.52499999999996,291.325,2842.925,853.51775,609.643,225.83475,18.04,961.62575,475.81625,485.8095,-131.82499999999998,313.60000000000004,445.42499999999992,-138.9,5574.7,1205.7155,722.86125,571.4525,24.6,2274.921,965.46425,1282.29125,-172,413.92499999999992,585.9
1987,4767.65,4783.175,4791.9805330886336,9037.975,9076.8,9084.1933522086032,6197,118.61928717055718,76.581290587999552,65.354328103764576,5.9306405571751472,-0.50994847458615544,6210.249718224596,76.118033872085664,37.88691964465956,69.735248471959824,38.84002057286272,0.329,52.315,52.9935,35.549356511543784,112.4,116.975,NA,128.30000000000002,52.75875,54.175000000000008,16.925,16.753333333333334,18.358333333333336,NA,84.175530051268528,127.73176599366972,6.425,119.22512816392476,119.35141666666666,65.541458641557864,65.495590579271376,111.35889163757,111.68066666666666,101.345,55.63125,75.249,181.51011249134724,182.22733333333336,87.15868253878616,7.9191666666666672,5.6475,6.495,4713.15,3877.1,2671.2,2211.475,1059.35,27.925,249.95,14.875,666.15,100.45,351.42499999999996,307.5,3026.75,866.07825,610.23875,247.6505,8.18875,1016.62,496.81275,519.80675,-141.82499999999998,349.7,491.475,-152.42500000000002,5785.5,1198.29425,713.60725,599.65525,14.6875,2350.40675,1004.81325,1315.451,-166.15,456.8,622.95000000000008
1988,5138.55,5160.5,5104.0426753391072,9430.9,9480.075,9367.6903159326016,6493.825,120.20414309143134,77.930191810268784,65.551111684329104,5.8739319223302216,0.67377159454293232,6411.9477714698552,77.222856506709184,39.251001097524552,70.479145944319952,39.527826208361392,0.329,54.30325,55.11925,38.061623446902576,117.03333333333334,122.04999999999998,NA,136.35833333333334,54.469,56.099999999999992,15.791666666666668,15.845833333333334,16.9575,NA,89.416237840861936,123.901380945011,5.6166666666666672,121.2098195542575,121.19675,65.834986477486296,65.8082221138194,114.17064065447374,114.36891666666668,104.57366666666666,56.586,77.52275,183.39207961378952,184.166,88.633098751578304,8.8875,6.2016666666666664,7.18,5124.875,4195.05,2891.525,2395.575,1166.175,29.974999999999996,288.5,20.725,706.67499999999992,120.3,404.15,348.64999999999996,3259.1,932.8905,649.437,253.98625,29.46675,1065.382,508.4535,556.92875,-118.825,425.975,544.775,-125.1,6001.65,1258.8385,744.1235,593.41575,42.565,2388.8255,1002.205,1360.6085,-121.475,529.79999999999992,651.275
1989,5554.675,5577.4,5465.388905188368,9802.65,9851.275,9645.2162221049088,6753.825,121.60032831378468,79.317804951306096,65.726513111250568,5.8137246113238528,1.6312089062315572,6612.3550541199416,78.212538915471888,40.658337810524944,71.230978907862944,40.24753467833408,0.329,56.714,57.5195,41.236234405321384,122.55000000000002,127.59166666666666,NA,146.275,56.66825,58.425000000000008,16.665833333333332,16.574166666666666,18.243333333333332,NA,94.496131900327872,125.32038627349022,5.25,123.16758580588924,123.36066666666668,66.385358409136696,66.339864840240608,116.46665370142,116.87025,107.52408333333334,57.0915,79.91225,185.01816033756148,185.95158333333332,90.096103280253904,8.7608333333333344,8.1299999999999984,9.1808333333333344,5511.725,4543.95,3096.025,2551.3,1296.675,29.325000000000004,308.59999999999996,22.925,785.35,150.475,427.725,364,3521.975,991.4355,704.63125,258.46375,28.341,1134.2159999999998,530.308,603.90824999999992,-93,492.1,585.07500000000008,-100.4,6210.15,1305.7855,787.41275,584.20075,40.95125,2450.022,1013.1945,1413.6405,-85.85,596.07500000000008,681.975
1990,5898.75,5928.55,5827.790765731688,10040.175,10098.075,9919.1608954176224,6901.975,122.9555735885002,80.67156807165832,65.847781864358,5.7509180665626664,1.2216643498443258,6812.993987042456,79.195289639961936,42.0053431399656,71.97580633107756,40.954191981109448,0.329,59.0445,59.78275,44.684012608977024,128.68333333333334,133.71666666666666,NA,159.14166666666668,58.74425,60.95,19.5375,19.538333333333332,21.585,NA,98.603186396206944,125.56185607940264,5.4250000000000008,124.64205900187276,125.4515,66.556345416383152,66.569687258414728,117.759374653257,118.649,109.386,58.052,80.31725,186.685936164772,188.45158333333332,90.937207167575984,8.4275,7.6591666666666672,8.3166666666666672,5799.025,4847.6749999999992,3297.425,2707.05,1372.05,32.875,315.97500000000004,25.8,827.75,169.65,417.2,343.85000000000004,3755.425,1005.538,736.69725,247.32275,21.51825,1216.56375,555.16875000000008,661.39525,-78.775,538.65,617.475,-83.2,6359.95,1295.258,806.513,544.63375,28.96725,2527.9497500000004,1032.46725,1474.3287500000002,-58.3,652.95000000000008,711.25
1991,6093.1749999999992,6129.05,6196.3619800365624,10015.075,10079.05,10184.332555297388,6833.025,124.5256430496455,81.783989128691568,65.942846879977952,5.6862107848574064,-1.6594469702299996,7010.565340288644,80.35614754970208,43.086382832304768,72.689161126447808,41.533105727178552,0.329,61.3935,62.03575,48.238710554947872,135.17500000000002,140.58333333333334,NA,173.67500000000002,60.84075,63.25,21.426666666666664,21.776666666666668,24.040833333333332,NA,99.734116090221216,123.13167081419432,6.6083333333333336,125.412110774655,126.20241666666666,66.198739934058496,66.255627531376704,117.078455875891,117.88316666666666,108.66541666666668,58.6555,78.701,188.855082333894,190.47875,91.88097063344112,8.1208333333333328,5.9875000000000008,6.4191666666666664,6008.3,5037.95,3416.625,2793.0249999999996,1398.425,27.075,325.72500000000004,34.799999999999996,833.975,176.85,439.875,361.45,3910.425,936.50975,728.564,218.957,-11.01125,1288.874,580.99849999999992,707.8755,-42.625,583.17500000000008,625.79999999999992,-1.4749999999999978,6369.375,1183.73675,779.75575,475.229,-15.66625,2574.83275,1042.7535,1512.2672499999998,-6.85,693.07500000000008,699.9
1992,6416.25,6448.075,6516.9351367929008,10287.2,10343,10448.907262196244,7047.675,126.34534842858642,82.70009266347792,66.083705008630448,5.620352106495032,-1.5510577795501302,7210.4244663581664,81.702728008547776,44.070345423055112,73.389120976286448,42.013084135876096,0.329,63.0065,64.0085,51.59017094688896,139.23333333333332,146.06666666666666,NA,186.94166666666668,62.360749999999992,65.25,18.256666666666668,18.544166666666664,20.875833333333332,NA,102.1,126.83129822859544,7.425,127.1553562035285,127.68125,66.159760192199952,66.391522251992936,117.64383577086826,118.19916666666668,108.54725,61.117000000000008,77.89875,191.178049264401,192.31408333333332,92.903514400455584,7.1608333333333336,3.7991666666666672,3.9666666666666664,6310.725,5332.375,3613.275,2924.875,1437.85,33.4,352.64999999999996,54.5,810.375,186.925,470.75,395.15,4120.775,993.21275,729.26525,245.17225,18.775,1330.99975,583.2105,747.78925,-28.725,626.525,655.25,-32.674999999999996,6540.1,1252.94375,781.50525,527.92525,24.355,2578.2125,1016.53375,1547.06275,1.5,749.2,747.725
1993,6775.325,6808.925,6850.6213630623376,10615.325,10673.325,10733.090975004918,7300.45,128.26708052783764,83.676440035964384,66.232162435261248,5.544104070394672,-1.0949713543566552,7427.3596252108656,83.132534761403568,45.278619194643464,74.093547714831344,42.53266878730944,0.329,64.63225,65.792,54.492062302877192,143.49166666666668,151.03333333333334,NA,198.72500000000004,63.82575,67.05,17.21,17.480833333333334,19.464166666666668,NA,104.5225,138.91011487724444,7.0916666666666664,128.53632601111548,128.83499999999998,65.967861382720104,66.294782754379864,119.32981941339576,119.67908333333334,110.25675000000002,61.9365,79.62875,193.67732809233176,194.33625,94.077608857291744,6.1575,3,3.0341666666666668,6614.9,5597.1749999999992,3779.2,3049.2,1505.875,30.925,391.775,82.7,801.15,199.325,507.75,432.075,4390.625,1083.0305,783.86525,277.169,21.996499999999996,1360.2675,583.53599999999992,776.732,-58.6,647.25,705.84999999999992,-69.400000000000008,6793.3,1353.5115,839.21775,574.409,29.937,2570.2945,996.22925,1562.6035,-32.174999999999996,773.825,805.97499999999984
1994,7176.85,7199.9,7199.6197436918536,11003.175,11044.5,11038.284643233396,7603.875,130.17528439452866,84.794211420848288,66.381093270559208,5.4633992279856224,-0.320655131714373,7662.40462911852,84.563492557653952,46.752289396092576,74.80473590552848,43.136078263550432,0.329,66.009250000000008,67.319,56.630979926212696,147.275,155.44166666666666,NA,208.55833333333332,65.217749999999992,69.05,14.885,15.021666666666666,16.885833333333334,NA,107.9675,152.58291868600174,6.35,129.83542517908726,130.51658333333336,66.023284508961128,66.4815276095152,121.61370841100926,122.24675,113.43183333333332,62.1385,82.666,196.10751191737448,196.31958333333336,95.182842049959872,6.5225,3.6916666666666664,3.6575,7036.325,5858.275,3956.5,3194.025,1583.0500000000002,36.6,413.675,109.75,793.05,229.975,610.95000000000008,535.04999999999992,4652.475,1217.8785,849.516,319.21075,49.152,1391.892,576.962,814.93,-85.375,699.17499999999992,784.55,-108.05,7048.225,1500.6385,903.25075,639.679,65.7745,2567.349,959.498,1602.8335,-67.825,829.75,897.575
1995,7560.425,7585.85,7566.9631154302208,11350.975,11394.475,11360.61395926878,7901.8,132.03089134095712,86.043699469394736,66.49760209302676,5.3852864096567128,-0.082592209191209568,7914.2594091173248,85.963935427857552,48.517418598440968,75.522750448292512,43.828010107332096,0.329,67.43025,68.80225,58.642415620056472,151.4,160.01666666666666,NA,218.28333333333332,66.602999999999992,71.025000000000008,16.994166666666664,17.078333333333334,18.314166666666664,1.5791666666666666,110.755,156.56927948178304,5.6083333333333336,131.49205438762226,132.12725,66.34912804154408,66.681777039560064,124.12254059262326,124.71533333333334,116.82575,62.77725,85.02875,198.54121764176,198.14633333333332,96.51271780999712,7.0658333333333336,5.495,5.6983333333333336,7456.275,6205.3,4153.775,3375.95,1704.975,22.05,450.3,120.375,859.775,252.475,698.29999999999992,610.09999999999992,4905.35,1310.597,943.4795,321.7665,45.3515,1442.2675,578.80224999999992,863.46525,-97.775,792.625,890.4,-119.225,7274.75,1588.1567500000002,993.249,620.293,59.4015,2584.8035,935.19325,1650.1592500000002,-67.900000000000008,918.125,986.025
1996,7951.325,7981.95,7945.176861664256,11716.175,11766.150000000002,11707.329982591888,8209.025,133.86599006483766,87.453905247254576,66.548846929790496,5.31207702887992,0.071974711075420416,8189.5675448646144,87.352350107352992,50.60566422252,76.281458013339872,44.631588907263296,0.329,68.801250000000008,70.14175,60.111751708156872,155.61666666666668,164.50833333333332,NA,226.47500000000004,67.854749999999992,73.3,19.035833333333332,19.164166666666668,20.499166666666668,2.5283333333333332,113.95,165.19224874861084,5.4666666666666664,133.30231951948698,133.35125,66.272244505293176,66.653865888623912,126.01331583779376,126.06541666666666,119.13358333333334,63.936000000000008,86.72925,201.14320014807424,200.06416666666668,97.444760558926144,6.3258333333333336,5.0766666666666664,5.4083333333333336,7887.825,6564.3,4354.625,3560.375,1840.7,35.674999999999996,494.15,139.69999999999998,879.975,291.2,784.2,685.07500000000008,5170.325,1395.8065,1017.80975,351.271,26.72575,1476.81625,576.76025000000008,900.05625,-91.625,851.475,943.125,-107.7,7514.825,1685.55575,1073.5340000000002,662.2225,31.80325,2587.96,910.28675,1683.08975,-65.3,991,1056.325
1997,8451.025,8478.1,8373.6898309088544,12235.375,12279.55,12123.555628371542,8636.8,135.6883870370055,89.346256804473424,66.554539680929848,5.2472786384104696,0.91895118308037424,8528.660000563112,88.730268200875936,53.10808447446588,77.414269002109712,45.75735564042668,0.329,70.184249999999992,71.456,61.384369464720824,159.775,168.57499999999998,NA,233.06666666666668,69.061000000000008,75.775,19.932499999999996,20.284166666666668,21.774166666666668,2.5541666666666668,117.0125,173.40958893803884,5.1083333333333336,135.98719375272776,135.82533333333334,66.711765858754872,67.069491738139336,129.050652594481,128.9065,122.10133333333334,65.089249999999992,89.6325,203.888696649825,202.51375,98.510731976305824,6.4616666666666672,5.0325,5.4033333333333336,8420.95,6961.125,4626.45,3804.825,1965.75,33.25,540.75,145.375,916.725,329.65000000000004,870.55,761.4,5459.1,1554.50025,1124.70675,369.5985,60.19475,1532.3629999999998,580.2115,952.152,-94.9,937.7,1032.6000000000002,-117.75,7778.3,1876.91375,1193.5697499999998,680.7515,78.09,2635.9700000000004,904.795,1740.6025,-76.225,1114.5,1190.7250000000002
1998,8930.8,8949.225,8820.6524682146752,12771.325,12802.625,12613.822478226706,9095.675,137.44845006160352,91.76868799035632,66.534844611976272,5.1928756602315048,1.248455714476382,8938.5111974224688,90.06291546969704,56.064473873711512,78.939375608820848,47.246434153876848,0.329,70.8325,72.399,62.457940944749392,162.39166666666666,172.38333333333332,NA,240.02500000000004,69.92375,78.875,13.77,14.2575,16.2,2.3125,121.94,188.25222005159724,4.5583333333333336,138.00505025053952,137.30108333333334,66.802461583219152,67.081100075495128,131.70929473966248,131.02841666666668,125.37966666666666,67.1015,91.56475,206.576512338093,204.6795,99.7871856753736,5.5733333333333336,4.9858333333333336,5.515,8986.8,7466.325,4982.3,4107.55,2123.55,28.275,594.125,159.875,983.9,357.375,855.575,751.8,5786.0750000000008,1698.56225,1225.564,404.87,68.128,1593.441,584.27075,1009.1705,-147.275,953.47499999999984,1100.75,-187.35,8168.825,2063.3475,1317.97625,727.21575,94.0785,2693.2435,897.98675,1809.346,-183.225,1155.725,1338.925
1999,9479.625,9504.0250000000016,9316.0774303837104,13384.7,13417.575,13153.75069646061,9635.65,139.25932989730108,94.452233620458352,66.54601510552308,5.1491165629400368,1.756457185189092,9393.5534830084064,91.42368964395496,59.39448875939616,80.6015031987548,48.912540009199,0.329,71.656499999999992,73.3195,63.9433972766478,165.50833333333332,176.09166666666666,NA,248.40000000000004,70.795,81.625,14.219166666666666,14.4475,16.345833333333332,2.1258333333333336,129.215,191.1155585938004,4.3083333333333336,140.08116254262226,138.99,66.933762596622304,67.108695932010992,134.07274396821122,133.00558333333334,128.42291666666666,69.626499999999992,93.48425,209.27300140293072,207.11225,101.174644225179,5.2691666666666672,4.4408333333333328,4.8583333333333336,9518.75,7870.875,5313.575,4384.075,2194.675,30.2,654.875,177.125,985.225,347.25,856.575,744.025,6174.025,1848.02575,1339.57575,453.69025,54.7595,1686.333,600.687,1085.646,-228.8,976.75,1205.525,-256.39999999999996,8616.325,2244.5204999999996,1458.9682499999998,787.01225,75.94625,2773.52675,905.7985,1885.26625,-286.72500000000004,1202.775,1489.525
2000,10117.075,10151.4,9915.5784403038816,13995.575,14039.225,13716.66636741898,10125.525,141.0584631095619,97.238323737164384,66.563648654126784,5.1148871365755232,2.035369750992028,9870.3649744208784,92.730178850299024,62.948220515218072,82.288502875842064,50.671530084680248,0.329,73.3645,74.55275,65.71705074130868,170.74166666666668,180.14166666666666,NA,258.04166666666668,72.26875,84.825,26.366666666666668,26.704166666666664,28.4525,3.305,137.565,193.22382261187832,4.0083333333333328,142.12864266376226,141.8475,67.070755369390456,67.114630245732856,136.40836392902298,136.13408333333334,131.50116666666668,71.99525,95.00575,211.909128235498,211.35175,102.2083028984885,6.1725,5.5733333333333344,5.9441666666666672,10194.525,8460.7,5750.1749999999992,4746.5,2336.125,28.65,707.525,180.45,1040.325,379.175,842.275,704.5,6654.275,2009.8755,1465.9212499999998,481.9355,62.01875,1806.55925,632.11,1174.4492500000002,-353.675,1075.575,1429.25,-370.875,9070.1500000000016,2419.02175,1595.243,801.91725,84.261249999999984,2847.901,920.418,1946.87575,-384.875,1303.775,1688.65
2001,10525.725,10567.775,10531.111161979444,14224.775,14277.85,14231.283322571072,10277.125,142.77387931636948,99.675199636909856,66.540563112327648,5.08846566003914,-0.037726967911883016,10298.36596295409,93.59915741604064,66.055107660292576,83.878955598397056,52.378989207441432,0.329,75.059,75.98175,67.986613442933248,176.225,184.88333333333332,NA,269.64166666666664,74.01975,88,24.831666666666668,25.796666666666668,28.845,4.9816666666666664,147.12,205.16233126187672,4.3416666666666664,143.42925193652274,143.45233333333334,66.845141030458024,66.892113325694568,137.1870274243,137.21825000000002,132.4155,73.774499999999984,94.11225,214.56993934209676,214.45466666666668,103.6878052834535,5.2166666666666664,4.4158333333333336,4.9725,10657.825,8950.075,6014.825,4943.7,2502.5249999999996,33.35,783.15000000000016,198.875,1109.675,377.475,790.8,629.95000000000008,7006.625,1989.1255,1489.126,504.4905,-4.4907500000000008,1917.16125,658.03375000000008,1259.1277500000002,-387.15,1066.725,1453.875,-408.9,9334.85,2376.141,1620.5764999999998,802.2715,-1.8867499999999992,2923.30075,939.37425,2004.57525,-434.45,1289.7,1724.125
2002,10828.875,10881.85,11008.258056821902,14401.7,14468.6,14640.259340414424,10386.775,144.1656602529003,101.55055668933374,66.386564416216272,5.0683236750825296,-1.629457807407575,10623.576594985928,93.866541504115584,68.159805120793424,85.365741763166192,53.879872405138048,0.329,75.925,77.256,69.953123671726672,178.86666666666668,189.475,105.131812184297,282.2,75.18175,91.075,21.501666666666664,21.983333333333336,24.160833333333332,2.8858333333333332,157.0975,207.41199261026344,5.6916666666666664,144.48168124389702,144.62358333333332,66.530435933056408,66.658664077638192,136.22942173899526,136.37441666666666,130.79033333333334,76.950250000000016,91.1875,217.16697233560724,216.96175,105.05647811395974,4.8016666666666664,1.7458333333333334,1.8391666666666668,10877.55,9082.25,6096.125,4973.525,2464.725,20.65,838.9,207.25,1004.625,393.3,872.75,707.85,7277.525,1907.30725,1372.2585,543.53225,-8.4835,2052.1225,721.00825000000016,1331.114,-408.1,985.625,1393.675,-418.325,9585.15,2263.38675,1502.74975,838.69075,-14.695249999999996,3061.83025,1002.88225,2078.31075,-500.45,1212.675,1713.1
2003,11278.75,11332.150000000002,11485.899683942886,14721.025,14786.825,14991.770850455814,10623.85,145.29863942838376,103.17803578031052,66.155877690229456,5.0536341980890528,-1.8089976139972292,10891.83373937164,93.854918598427232,69.75389086078984,86.840565021242416,55.247302936479168,0.329,77.50375,78.53225,72.339561300147472,183.09166666666668,192.66666666666668,107.29311661853824,294.41666666666668,76.6215,93.525,27.255833333333336,28.014166666666668,30.376666666666664,5.3008333333333336,169.01499999999998,197.13539000046296,6,145.17479801884076,146.08083333333332,66.099459256524568,66.32998641063452,136.44949425713576,137.32391666666666,130.34083333333334,79.27525,90.53325,219.62891218123796,220.23475,105.92642174039698,3.945,1.115,1.2391666666666668,11346.375,9378,6276.975,5081.05,2537.45,33.674999999999996,855.625,219.825,1012.6,415.725,1041.175,886.05,7630.65,1979.8605,1355.7185,610.8835,13.25875,2183.36675,806.79925,1376.567,-515.125,1013,1528.1,-524.57500000000008,9845.45,2336.33525,1495.21875,905.04825,18.77025,3139.4987499999996,1072.84475,2080.76125,-587.67499999999992,1228.175,1815.825
2004,12028.425,12111.45,12057.570921112262,15322.75,15424.45,15360.059415793546,11135.15,146.51877450467132,104.83220106736868,65.962980711815928,5.0442762555242328,-0.24393682030673104,11169.565471365172,93.897425298775328,71.476392599390608,88.340138642827792,56.630283120148664,0.329,79.274499999999984,79.99225,74.95981087293248,187.34166666666668,195.59166666666668,109.596861100004,306.83333333333332,78.493,96.125,32.801666666666668,33.6475,37.166666666666672,5.5808333333333328,183.94,184.21179805337248,5.6416666666666664,146.141623742744,147.08216666666666,65.79281574681548,66.009122316427632,137.88733366076576,138.80066666666668,131.251,82.40825,91.27775,222.12199087955428,222.82125,107.049409479583,4.3025,1.0991666666666666,1.1108333333333334,12043.75,9863.4,6628.425,5351,2651.55,50.05,897.425,241.8,944.125,518.15,1273.325,1078.4,8098.175,2216.5605,1437.41025,724.01875,55.13125,2303.70275,878.49875,1425.2040000000002,-590,1143.95,1733.9,-583.54999999999992,10215.45,2557.06175,1579.7952499999998,1009.56975,68.348749999999992,3195.46525,1129.78225,2074.986,-645.725,1347.075,1992.775
2005,12839.95,12914.7,12745.937789989136,15871.5,15959.175,15755.508838850548,11570.375,147.87814768928944,106.54262796848044,65.784479816508592,5.0403326921391704,0.73510548108712272,11467.258431181334,94.02874907571784,73.5144768359332,89.801031828129792,58.058303831601496,0.329,81.497250000000016,81.69575,77.228193720135296,193.50833333333332,199.825,112.794443202331,319.86666666666668,80.882,98.55,45.858333333333336,47.208333333333328,53.568333333333336,7.3483333333333344,203.155,175.71297137356242,5.2,147.829176567323,148.78233333333332,65.766116564503464,66.011353814099776,140.12299296761976,141.0675,133.42016666666666,84.2075,92.818,224.78387560870776,225.38808333333332,109.0967446264775,4.2108333333333336,2.6916666666666664,2.7058333333333332,12859.025,10414.125,6979.75,5621.7000000000008,2802.75,49.775,921.95,230.35,1035.425,565.25,1462.8,1246.6750000000002,8642.375,2470.925,1586.7417500000002,830.2445,53.938500000000008,2440.41725,934.28,1506.13725,-713.79999999999992,1269.25,1983.075,-723.475,10604.5,2741.29175,1703.33,1079.39975,63.797,3219.4297500000004,1154.54,2072.301,-704.82500000000008,1440.15,2145.025
2006,13636.75,13685.875,13477.24766308147,16326.85,16380.825,16135.85100118033,11961.375,149.40338658491612,108.00084036361876,65.631866622754416,5.041290051197228,1.1837742852958578,11745.45801132484,94.264074702184352,75.89032167508504,90.897013639253424,59.318328483896408,0.329,84.03175,83.636,79.783744619161328,200.58333333333336,204.56666666666668,116.48023904587674,333.09166666666668,83.51225,101.25,58.534166666666664,59.945833333333336,66.023333333333328,8.1408333333333328,218.77,174.13390636277554,4.7416666666666672,149.89634126825624,150.81858333333336,65.848716090629864,66.107873291794976,142.75543562755502,143.666,135.903,85.18175,94.8585,227.63728108228152,228.13966666666668,110.4898164292975,4.7566666666666672,4.4574999999999992,4.6475,13845.85,11131.224999999998,7376.225,5965.175,3076.425,36.5,1002.9,190.425,1193.6,653,1680.9,1449.9,9159.225,2693.41875,1748.5810000000002,865.12025,79.71725,2587.34075,988.332,1599.00875,-803.22499999999984,1424.975,2228.2,-836.375,10899.5,2877.683,1831.56175,1052.87475,96.428249999999984,3261.8092500000004,1180.15875,2088.07625,-727.025,1567.725,2294.75
2007,14305.375,14371.85,14139.733547852442,16674.125,16746.400000000002,16481.034870127104,12264.3,150.91067298757,109.20964026405506,65.470056543644472,5.0452861067820424,1.1716310610367986,11990.81014762758,94.507763684310528,78.53486355295048,91.607752461365712,60.401340549007488,0.329,85.88875,85.5125,82.252217784640208,205.30508333333336,209.52466666666668,118.892866517398,346.81483333333336,85.8075,104.65,59.885833333333336,60.621666666666664,64.624166666666664,6.8933333333333336,221.5725,167.42505121203748,4.525,151.71024614671876,152.81,65.814725656934176,66.121507531516816,144.79227692131476,145.88383333333332,137.66941666666668,86.2565,96.04975,230.513448739744,231.10683333333332,111.0973917112685,4.7216666666666664,4.7316666666666672,5.2066666666666672,14381.5,11778.125,7790,6323.2000000000008,3244.175,38.8,975.175,176.275,1294.575,759.35,1627.575,1328.625,9619.15,2681.22175,1911.6695,731.55375,37.99875,2742.9052499999996,1033.4785,1709.42675,-737.95,1604.5,2342.45,-766.025,11199.575,2809.95025,1961.16675,871.538,43.9235,3316.77775,1199.653,2123.63675,-659.75,1707.4,2367.125
2008,14796.575,14958.025,14730.25993305063,16888.95,17066.650000000002,16812.668466977218,12354.974999999998,152.2260890109116,110.44463372406498,65.275393292448528,5.0487600115323976,0.45680041974708872,12254.402418158708,94.891303280770128,81.03523270539088,92.35893527422112,61.479436073692728,0.329,88.898,87.38675,84.670848564304752,214.4145,214.50216666666664,123.8940833538415,361.5935,87.595,107.92500000000002,99.947499999999984,101.51666666666666,107.67333333333334,9.0091666666666672,207.4875,154.68044927833054,5.2833333333333336,153.25334705202426,154.05208333333334,65.715015927576544,66.027265274270848,145.1011551056205,145.9185,137.90800000000002,87.846,95.012,233.20899037856876,233.31591666666664,111.64604185221726,3.9183333333333336,2.1383333333333332,2.925,14608.05,12364.025,8040.425,6523.2999999999992,3393.175,43.15,923.925,261.02499999999996,1343.425,821.65,1466.125,1056.975,10057.625,2561.2745,2010.467,557.67475,-6.86725,2943.8427499999996,1128.3310000000002,1815.51175,-766.175,1847.875,2614.075,-714.04999999999992,11314,2670.1549999999996,2044.2565,668.39675,-4.993,3398.11425,1267.42675,2135.1405,-501.575,1855.7,2357.275
2009,14467.3,14597.725,15127.66947631159,16344.775,16487.5,17090.948857837888,11758.575,153.26087774463122,111.51499792986024,65.022121722973824,5.0467349789239248,-4.3631325549505328,12494.781803460426,95.278096656304208,82.5237227736904,93.239426857542256,62.431110967814704,0.329,88.658999999999984,88.20025,86.7837542079692,213.76933333333336,218.28766666666668,123.52254804897576,372.43191666666664,88.48475,109.975,54.0675,54.68,57.225833333333336,4.4675,191.10250000000004,175.75491195479316,8.5166666666666656,153.98845981785576,154.47158333333334,65.323279479996384,65.642911275873232,140.80593016491076,141.3245,132.68725,90.034,88.267,235.71161765938624,235.3225,112.13012276379376,3.205,0.21,0.25666666666666664,14256.575,12122.75,7820.525,6308.625,3192.0249999999996,26.35,899.225,335.97500000000004,1302.65,627.82500000000008,1295.2,953.2,9866.7,2006.96475,1755.2855,404.9835,-153.30450000000002,3051.59575,1201.6880000000002,1849.90775,-457.975,1581.975,2039.95,-438.85,11128.8,2077.89525,1765.23125,503.85475,-175.43924999999998,3516.12725,1346.87675,2172.23475,-373.725,1687.2,2060.9
2010,14884.400000000002,15080.475,15453.384159640722,16675.25,16889.55,17313.051569233106,12032.474999999998,154.10541809245772,112.34515028689508,64.722453946697328,5.0337450335779224,-3.6856413628949032,12692.578055007296,95.579246630675712,83.458715384727152,94.161554290971024,63.219610381649344,0.329,90.203499999999984,89.543,89.270295364059904,217.40891666666668,220.97966666666668,125.29828386780426,385.32958333333336,89.2505,111.65,73.9775,74.609166666666672,77.135833333333344,4.525,186.165,165.12905706738592,9.7166666666666672,153.573144232131,153.83216666666666,64.502503978298096,64.816308673787152,138.594486628483,138.88049999999998,130.14541666666668,94.02625,86.44525,238.08859147633224,237.33625,112.66506119719974,3.3633333333333332,0.11666666666666666,0.15833333333333332,14796.3,12392,7864.4,6323.9,3220.05,35.725,1037.05,412.1,1222.95,512.225,1702.7,1324.625,10153.925,2105.54025,1699.3490000000002,382.1205,24.071,3144.671,1285.97975,1858.691,-519.725,1790.1,2309.85,-436.625,11256.75,2245.348,1756.071,479.7975,22.798499999999996,3552.725,1416.257,2136.93025,-374.55,1860.425,2234.975
2011,15466.525,15692.65,15986.59727479397,16986.974999999998,17229.400000000002,17557.940156556956,12328.025,155.01878016679086,113.26282310627294,64.446392070533152,5.0051807546409872,-3.2510502671438428,12915.757728175642,95.94799626907552,84.883753363669152,95.092801460890464,64.083884620718248,0.329,92.2025,90.79275,91.098838317870384,223.08591666666668,223.79908333333332,128.42076500389024,396.98508333333336,91.04575,113.50000000000002,96.353333333333344,96.003333333333328,92.645,4.1158333333333336,177.4925,156.75530809807864,9.15,153.85925286110376,153.5675,63.953784268449136,64.204012259124112,139.73256233226352,139.49916666666666,131.42241666666666,94.4235,88.1995,240.54317482881048,239.1875,113.38525128784124,2.9900000000000004,0.083333333333333344,0.13,15474,13141.85,8176.2,6585.175,3543.9,60.050000000000008,1137.35,489.725,1207.05,649.725,1828.25,1424.55,10604.125,2266.1485000000004,1855.68325,373.36725,37.09825,3156.317,1305.057,1851.26,-560.07500000000008,2071.35,2631.425,-452.925,11500.875,2400.508,1904.4485,466.05775,37.175250000000008,3456.42475,1396.89275,2059.15775,-365.6,2020.5,2386.15
2012,16109.425,16350.45,16540.194712284996,17375.95,17629.650000000002,17840.646226508794,12727.825,155.97166694790326,114.38331433236128,64.190337445187128,4.9586572246489456,-2.604956526915794,13177.447377305358,96.412242881519616,86.799086334201888,96.033258560467632,65.067361053827512,0.329,94.12125,92.48625,92.962173345251952,228.50558333333332,228.65108333333332,131.43667692045176,411.43583333333336,92.6965,115.525,103.02833333333334,102.80583333333334,95.624166666666672,2.7333333333333332,178.94,163.0714703088841,8.2833333333333328,155.02775085616648,154.60416666666666,63.79807521629516,63.794573661068168,142.188406363183,141.80808333333334,133.61783333333336,95.134999999999984,90.376,242.99078380592228,242.34991666666668,114.3101247654545,1.8875,0.067500000000000008,0.11833333333333334,16211.9,13710.625,8436.8,6814,3854.55,60.7,1229.625,530.25,1263.45,770.525,2050.95,1638.05,10958.25,2588.20675,2083.61575,414.574,90.01725,3136.08475,1292.54325,1843.542,-573.1,2195.85,2768.9500000000004,-440.325,11642.599999999998,2709.6205,2108.05825,514.53774999999992,87.59875,3373.5765,1366.68725,2006.44775,-350.95,2111.025,2461.95
2013,16687.775000000002,16915.95,17134.533232107774,17680.625,17916.45,18154.139700183112,13019.575,156.8359690309234,115.7517900550517,63.917935594893696,4.8949628050719832,-2.609428529865418,13467.00861595449,96.961126028624448,88.9942289615708,96.983016674869856,66.120657253373152,0.329,95.4985,93.933,94.22880018735344,232.25341666666668,232.81375,133.24804176124226,422.89975000000008,94.384,117.62500000000002,99.189166666666672,100.78416666666666,95.56,3.6166666666666664,190.3975,164.1953566723922,7.575,156.04317283241522,155.51416666666666,63.595500958933744,63.454716133935488,144.20108064650548,143.71566666666666,135.76358333333334,95.3315,92.256750000000016,245.36988769022848,245.0805,115.144349943792,2.0908333333333332,0.064166666666666664,0.12583333333333332,16788.5,14088.175,8790.25,7088.5,3955.675,86.375,1256.95,567.45000000000008,1217.75,827.15,2061.8,1664.1999999999998,11291.875,2764.3245,2185.832,495.1675,83.32475,3130.52425,1240.46225,1890.06175,-498.925,2259.975,2758.925,-373.875,11824.175,2865.82075,2203.74825,590.58000000000008,79.1925,3294.72975,1303.9495,1990.80475,-314.575,2162.225,2476.8
2014,17428.099999999998,17666.474999999998,17766.12302481843,18140.725,18382.9,18492.907314540316,13465.8,157.71486981135488,117.25460354193732,63.653469650903344,4.8182495013590752,-1.90616610291085,13777.456142313898,97.594443405225456,91.39612575038,97.94216779008656,67.205838303844216,0.329,96.86825,95.363750000000016,95.502048991493312,236.03358333333332,236.88616666666664,135.17241606447852,432.56125,96.1055,119.95,94.926666666666656,97.786666666666656,99.304166666666672,4.3875,200.625,167.3364410264386,6.4666666666666664,156.28937073223474,155.57666666666666,63.07747788523228,62.890566690860536,146.16167220470874,145.51433333333336,138.21258333333332,96.67575,94.09025,247.76536313909724,247.377,115.880701788747,2.6574999999999996,0.0425,0.085833333333333328,17507.425000000002,14562.5,9127.425,7366.825,4071.425,69.925,1292.1,595.5,1236.8,877.1,2172.15,1765.525,11741.875,3014.54975,2374.7065000000004,547.0865,92.75625,3156.4229999999996,1217.9555,1938.46725,-484.725,2371.7999999999996,2856.525,-341.825,12121.3,3085.1065,2376.60975,614.50075,94.6475,3244.7895,1255.17975,1989.66525,-320.14999999999996,2262.05,2582.15
2015,18164.25,18381.925,18318.035752856072,18701.55,18920.75,18859.955008304388,14005.125,158.71292310354682,118.82978722758418,63.425302467345776,4.7353444879553128,-0.84072064416167152,14113.304722309832,98.316147404481344,94.041837418885488,98.91080480183816,68.33865909183876,0.329,97.24275,96.58825,96.599793260810256,236.76458333333336,241.06391666666668,135.30951795798876,443.67775000000008,97.095,122.69999999999998,54.865,56.690833333333328,56.490833333333336,3.0291666666666668,210.45,188.4642587761844,5.4416666666666664,157.51557870678824,156.85291666666668,62.940169171862672,62.722477744364504,148.92532400333226,148.31208333333334,141.11691666666666,97.80525,96.73025,250.23490734335972,250.07591666666668,117.64184865347124,2.1583333333333332,0.0275,0.1175,18289.025,15340.05,9603.8,7778.575,4274.225,57.325,1297.7,599.5,1329.4,990.3,2228.225,1835.775,12212,3262.26575,2505.482,622.077,134.7065,3216.19725,1218.686,1997.51125,-526.20000000000008,2309.075,2835.325,-426.5,12558.35,3295.39125,2493.24825,677.35625000000008,129.5505,3292.678,1248.452,2044.164,-446,2291.475,2737.475
2016,18641.325,18862.075,18845.625058354428,19038.625,19259.875,19247.269864387892,14279.375,159.80638113316704,120.44030408037616,63.235567488137152,4.6543280532097152,-1.0840493679333596,14462.167629228404,99.097145824244928,96.687391390628528,99.889626174058176,69.476002848643152,0.329,97.92025,97.999,97.863904457371392,238.931,246.27133333333332,136.1254415988975,459.13116666666672,97.86875,125.5,37.09,39.1175,41.3475,2.2641666666666668,221.905,201.46163533662768,4.9416666666666664,159.2209257206245,158.67716666666666,63.007460561246592,62.757875496619608,151.3534997736825,150.8475,143.73275000000002,98.215499999999984,98.2135,252.71463074065348,252.83925,118.55425102190224,1.8566666666666668,0.24083333333333336,0.3225,18630.15,15766.175,9892.85,8027.3,4348.75,42.475,1299.6,614.54999999999992,1379.65,1012.475,2116.6,1712.625,12602.2,3257.287,2511.1445,694.82399999999992,51.319,3283.255,1232.7537499999998,2050.5015,-501.375,2224.05,2725.4,-407.975,12869.85,3301.134,2524.246,734.09425,44.365,3366.35975,1259.3899999999998,2106.948,-498.3,2286.175,2784.5
2017,19375.175,19655.2,19544.084988949588,19467.6,19744.45,19637.427483924284,14670.325,160.86158605031784,122.07575303520974,63.068761104515272,4.5827497622235344,-0.8654829804394776,14809.732347636088,99.84671951975504,99.311280516748288,100.8822041951964,70.611670089352176,0.329,99.56775,99.615000000000016,99.619276587145328,243.84508333333332,251.05725,138.4578807339745,473.30483333333336,99.52575,128.6,46.571666666666664,48.159166666666664,49.326666666666664,2.9916666666666668,235.275,204.65046620925432,4.5083333333333328,161.07712547959948,160.09983333333336,63.152429125818248,62.851402204505512,153.80946503177726,152.88341666666668,146.07808333333332,99.6205,99.47925,255.075612358163,254.72725,119.44301651415426,2.27,0.73666666666666672,0.81333333333333328,19307.3,16443.025000000002,10286.925,8361.275,4601.2750000000008,39.075,1366.95,633.97499999999992,1447.025,1114.25,2196.825,1715.6999999999998,13133.275,3414.29075,2621.01325,757.0665,36.21125,3364.91775,1255.502,2109.41575,-537.29999999999992,2335.55,2872.85,-381.1,13190.425,3425.88675,2625.01875,764.3645,36.026249999999996,3388.42825,1261.6712499999998,2126.75875,-537.17499999999992,2353.3500000000004,2890.5
2018,20436.325,20739.7,20382.179111352856,20088.3,20400,20035.274793049348,15225.975,161.75731413181836,123.8593182417525,62.913023917805624,4.5259685955876472,0.26382271151961236,15164.16663474695,100.4836755308577,102.19635560054598,101.91308800330676,71.843319744070752,0.329,101.5555,101.40075,101.35132271061948,249.73133333333332,256.16699999999996,141.21165484585376,482.39291666666664,101.7335,132.375,61.0375,63.723333333333336,64.010833333333336,2.9125,249.96,198.65533496342884,3.975,162.3328019617205,161.47650000000002,63.14131525680996,62.806715244323784,155.87642006900574,155.04541666666666,148.31816666666666,101.358,101.47725,257.10160022901552,257.10016666666668,120.96843741977124,2.7441666666666668,1.6616666666666666,1.5775,20342.05,17313.925,10843.725,8810.3,4873.6,30.825,1447.425,667.125,1524.725,1203.5,2335.275,1807.475,13797.5,3667.875,2814.84325,809.455,43.57625,3544.2035,1325.1295,2219.0735,-573.225,2523.525,3096.75,-407,13586.025,3626.608,2806.45275,776.65925,42.37875,3449.036,1298.616,2150.4845,-572.95000000000008,2454.325,3027.275
2019,21286.15,21571.075,21192.918288762312,20545.525,20834.3,20455.879840730384,15631.525,162.63346991825608,125.7781713186315,62.79348725997008,4.4860677542970432,0.435974963363972,15534.064514066762,101.0922812241386,105.28389985746424,102.9575300077168,73.152689991028432,0.329,103.1485,103.17425,102.78034465533194,254.35833333333332,261.70299999999996,143.3352065467955,493.10725,103.597,136.35000000000002,57.750833333333336,59.765833333333336,57.514166666666664,2.9166666666666664,262.45,206.75946888723148,3.7333333333333336,164.1386508770205,163.12258333333336,63.380310643911056,63.018862984275224,158.00713056700124,157.02958333333334,150.40800000000002,102.73,102.7875,258.98222787593524,258.84699999999996,122.39503479658624,2.4541666666666668,2.2458333333333336,2.3025000000000004,21268.675,18178.85,11321.125,9212.15,5159.975,33.475,1509.025,680.25,1607.25,1329.975,2444.4,1910.275,14287.1,3874.09825,2965.74725,817.4285,90.9225,3732.46525,1403.364,2329.101,-607.5,2539.35,3146.875,-474.65,13850.95,3772.56775,2929.6745,757.25675,88.51375,3558.76275,1347.20325,2211.732,-636.92499999999992,2463.025,3099.95
2020,21336.775,21566.425,21903.92566995292,20332.875,20565.65,20873.776261215036,15399.9,163.52627448761254,127.64716646396622,62.721806818273496,4.4616229403567528,-2.579957935032448,15893.645758685684,101.69624909168782,107.9709659442103,104.00614993123,74.401678769854336,0.329,104.345,104.59525,104.9595738918665,258.05483333333332,266.61908333333332,144.9713551533545,515.87666666666664,104.96425,140.4,40.961666666666664,43.151666666666672,42.853333333333336,2.0016666666666664,279.1975,212.36465832052392,7.3083333333333328,162.8209144443074,161.69916666666668,62.438381469095872,62.177678600384272,151.3483994569005,149.99483333333334,144.42666666666668,107.725,96.66075,260.76798263763828,260.06283333333336,125.38495627711174,1.1266666666666668,0.73583333333333328,0.76416666666666672,21152.75,19351.975,11504.4,9384.15,5206.275,41.375,1535.175,731.05,1533.225,1365.45,2404.7,1937.875,14219.15,3717.36525,2891.19375,872.936,-46.765000000000008,3957.63675,1499.133,2458.5035,-557.375,2228.725,2786.075,-484.65,13627.825,3591.43475,2841.5212499999996,786.304,-39.980249999999992,3708.13525,1428.10475,2280.69,-594.47499999999992,2216.7,2811.2
2021,23044.050000000004,23201.125,23083.520710804712,21233.175,21393.25,21272.769303234068,16259.8,164.27244891648048,129.49609379309032,62.620120253925896,4.4504316106026768,-0.19131590862998536,16230.010795350654,102.19634925394016,110.42759281649816,105.07856361178028,75.604441058665632,0.329,107.44375,107.42425,106.98647025055636,266.56099999999996,273.86258333333332,149.65842751634448,523.02074999999992,108.53725,145.275,57.158333333333328,58.910833333333336,59.239166666666672,3.3466666666666668,321.02749999999996,201.91902856263856,6,162.0233289675472,160.86791666666668,61.763354602196568,61.585774503231832,152.16710488903764,151.22841666666668,144.62575000000002,111.075,98.811,262.32842859212628,261.20908333333328,126.29825507761074,1.2741666666666666,0.054166666666666672,0.0825,23042.5,21069.6,12296.9,10075.25,5687.075,78.125,1695.3,765.675,1474.875,1673.1,2920.55,2521.675,15603.375,4107.132,3029.045,1094.5027500000002,-16.415499999999998,4145.0875,1585.24375,2559.8435,-811.55,2443.775,3255.35,-821.025,14521.05,3866.14675,2956.3895000000004,903.2255,-6.2397500000000008,3723.555,1470.581,2254.9672499999996,-882,2257.125,3139.1
2022,25565.375,25723.15,25269.307058974704,22003.5,22154.975,21746.607156348816,16900.900000000002,165.46257650659356,131.42775319295234,62.556652880030104,4.4414332372340224,1.1842832055832254,16628.18333911978,102.96420026436888,113.34681170124332,106.23487561696734,76.881187511203104,0.329,114.4275,113.06775,109.4596194941264,287.68066666666664,290.07041666666668,160.8715032004545,540.78625,116.2065,152.85,90.705,93.500833333333328,93.451666666666672,6.2266666666666664,371.9975,211.37546346656896,3.8,164.70705650420354,163.65508333333332,62.27914444544704,62.153612174628352,158.32806243073828,157.43241666666666,151.29391666666668,110.10050000000002,103.64,264.46442094900728,263.30566666666664,128.11139440849674,2.3783333333333336,1.025,0.79,25619.425,21831.725,13280.15,10981.25,6149.325,87.2,1770.3,841.525,1521.9,1928.4,3320.15,2881.5,17365.925,4765.10525,3368.21075,1198.12175,198.773,4386.78425,1622.2282500000002,2764.55575,-952.45,2966.3999999999996,3918.85,-996.5,15177,4186.6092499999992,3126.429,867.18675,157.36000000000002,3669.78375,1428.654,2241.65775,-1034.375,2442.65,3477.05
2023,27397.95,27511.325,27118.035596768856,22534.85,22644.475,22304.930910926156,17307.300000000002,167.38406881563304,133.25417228009328,62.5286645896922,4.4343516713378744,1.0295482641465182,17101.1790245862,104.16351980697798,116.51194138599004,107.432614975838,78.157404579783296,0.329,119.66825,118.32975,112.31085504556534,302.28916666666668,305.38833333333332,168.78025141897398,549.17675,121.5805,160.25,75.075833333333328,78.559166666666672,78.73,3.2383333333333332,390.695,214.87383616569064,3.575,167.66998343066634,166.35608333333334,62.645806546561592,62.501323332685656,161.57303052398438,160.39358333333334,155.24141666666668,110.948,105.2065,267.64466321106248,266.1615,129.93075621181152,3.805,4.7575,4.6050000000000008,27087.5,23254.925,14001.125,11570.800000000002,6778.5,84.25,1843.15,973.675,1770.775,2106.65,3531.45,3053.525,18563.325,4968.22725,3779.8615,1103.9665,84.39925,4668.53575,1735.536,2933,-802.125,3060.375,3862.5,-923.65,15511.9,4187.45025,3364.3627500000004,761.4765,72.11525,3760.70275,1458.58225,2302.19825,-927.75,2527.4,3455.15
2024,28947.9,28937.8,28552.734135108416,23220.25,23229.075,22903.257857055196,17870.724999999998,169.6778124200022,134.97906478146758,62.512444760642336,4.423711482190784,1.3839819594019698,17608.552352704752,105.57541862253664,119.66556065097594,108.66119652861438,79.400065593879696,0.329,122.87675000000002,121.90325,115.29869559059694,311.60275,316.44508333333336,173.3129075065205,559.62300000000008,124.66425,166.775,75.728333333333344,78.656666666666672,78.480833333333328,2.2675,413.3975,214.42686670412608,3.95,170.76239466195852,167.94258333333334,62.907554028049728,62.62767686712824,163.99555821821128,161.34241666666668,157.47641666666666,114.22675,105.336,271.44931265484628,268.16016666666668,131.33247117915524,4.2475,5.1875,5.3133333333333336,28641.05,24583.95,14828.35,12224.45,7190.35,52.05,1944.725,1062.4,1918.575,2212.6,3750,3310.1,19605.824999999996,5234.1507500000008,3996.673,1171.1615,66.31625,4968.7155,1857.9045,3110.8109999999996,-860.8,3180.7,4041.525,-1131.8,15955.7,4345.89475,3511.02625,787.86175,54.7005,3910.64175,1510.73775,2399.654,-998.825,2612.625,3611.5
2025,30330.328913875,30356.9181922,30024.960829566992,23717.5612338,23755.419453625,23478.717061332276,18296.935284,171.5569143062912,136.85538802629088,62.481953693091224,4.408472968870788,1.0173759962490036,18098.005047647792,106.7241709903253,123.04676847859188,109.8832260300391,80.729067428983232,0.329,126.03970986775,125.37317518625,118.08154267490812,320.02974999991672,326.11258333333332,177.44234714507676,576.21599999991664,127.8906381865,172.701593183,67.559166666675,69.215000000008328,68.221666666666664,3.2008333333333332,428.0875,219.04571261235856,4.1750000000008328,171.98440297655812,170.11383333333334,62.625458380800832,62.444137094389104,164.72922549422872,162.98025000008334,159.19749999991666,116.10809189375,106.182374644,274.62514590667804,272.4350297490778,132.42786814825602,4.3383333333333328,4.2341666666675,4.4008333333325,30162.003265325,25839.917782575,15597.500000324998,12860.662423325,7455.5475105175008,76.952815959774992,2023.3795013125,1114.1438076475002,1987.1377245175,2253.93366108,3963.0380308825,3448.7467494125,20695.27821025,5408.878543605,4165.419129205,1199.945213955,43.5139504527,5220.1168975225,1959.0201295725,3261.09676795,-993.9472375005,3278.4650031700004,4272.3872406725008,-1221.7461847075002,16419.775656925002,4415.64490908,3614.3009176975,782.80951136525008,41.187946878355008,3998.2148819475,1532.891637765,2464.7735161225,-1132.64452902,2659.55862429,3792.1781533075
2026,31902.005701725,31993.06425625,31569.326760175,24259.8702269,24346.411738125,24006.936269375,18813.257722925,172.65525076475,139.04463422768894,62.41291685771948,4.39730905459744,1.0533785875900314,18558.348432699996,107.468736761,126.6826918205,111.08243340191354,82.20919072969648,0.329,129.529029453,129.01353900450002,120.71611311075,329.50815190425,336.41491973725,181.9906098495,595.99864436049992,131.49533055475002,178.55259676275,55.811451651075,57.024102908525,59.199102035074504,3.9510555555555552,435.351895449,212.02464506020008,4.5500946737375,172.82395667325,171.962638973,62.4726652696,62.39836433535,164.96028203175002,164.13813865475,160.16608881425,118.720511783,106.685599525,276.63947202007448,275.58866215371252,133.68050225075,4.0983054068775008,3.4328578128675,3.572309270215,31847.001195775,27043.8671888,16293.585764275,13404.971338775,7943.4355713875008,72.763493771274992,2120.63284096,1138.5563738824998,2213.4445771699996,2398.038285595,4156.152161355,3568.4688700124996,21671.328159175,5701.6889931275,4414.9435911149992,1226.9500884674998,59.795313545424992,5432.4108219624992,2031.4464678225,3400.96435414,-903.42227254074992,3323.918236465,4227.3405090075,-1047.1297143925,16730.190599825,4543.498963495,3758.5743288025,777.53327428374992,46.729538036925,4025.2750145075,1531.6356106174998,2491.9065715475,-1037.00358313,2681.891578105,3718.8951612375
2027,33315.186961500004,33377.039291,33031.019336049996,24736.792963175,24800.306292825,24525.64869725,19222.7697589,173.40009347450002,141.43887208709106,62.34679717767624,4.3816264058708504,0.86148539174159552,19018.761482225,108.082518818,130.2748519715,112.35371896097934,83.770325086057312,0.329,132.78274473300002,132.32226625475,123.5413621195,338.21934194774996,345.53307113425,186.22567278675,613.1540828115,134.67447989750002,184.661738463,56.2292366959,57.307768158075,59.934614254193704,4.0833148148148144,447.424032011,210.75130127219724,4.5450714647075,173.51915507224998,173.09214121475,62.3939706475,62.324189493075,165.6326053885,165.2250033825,161.06830939525,120.5766438405,107.07106776925,278.10257717918476,277.72878411530524,134.88899128525,4.2346099762775008,3.25950670175,3.38976090818,33301.412187074996,28283.657131674996,17030.985417199998,13990.196125425,8300.2418325800016,70.116731895825,2224.1246120225,1178.1331442600002,2393.061064295,2434.8062801075004,4192.517523745,3615.7686748825,22602.04362845,6015.6505971575,4649.3313064525,1303.4199696575,62.899321051425,5623.06787779,2095.3441259299996,3527.7237518575004,-925.5751418975,3457.74269106,4383.3178329575,-1089.7400760275,17021.369340050002,4713.73220339,3902.4421223425,804.4597983965,48.340226048675,4056.098223055,1551.83820367,2502.447979905,-1047.123477675,2745.3868822824996,3792.5103599525
2028,34665.7846986,34685.177309125,34471.713760875,25185.4599677,25217.259503325,25044.3379405,19616.024494425,174.128062729,143.82633386994144,62.286718163616256,4.3605578037029048,0.563979516115648,19478.25794535,108.69958748375,133.75097669874998,113.6241541213277,85.307204940809408,0.329,135.741824301,135.30048435150002,126.3159072045,346.29971506049996,353.791365177,190.1271840845,631.86319869324992,137.63802943925,190.52467027525,58.514233265775008,59.5241422947,62.231333056928488,3.857,462.4426303615,207.9164863021784,4.4966708445675,174.22406383675,173.9245361005,62.32136483625,62.2715862923,166.38981928975,166.10376757674998,161.4961423725,122.56333307775,107.3352213925,279.55765378197152,279.30009438831452,136.08703839625,4.2947725597625,3.223516047075,3.390249274625,34665.281183600004,29490.238859325,17757.883892725,14574.6935595,8646.3961029524992,68.272194916650008,2329.4406121875,1209.1098446975,2609.16289569,2430.4105554575,4192.769908975,3626.05270229,23473.338681475,6291.55664643,4850.4633160125,1381.58075663,59.512573791225,5777.9709431325,2127.2354449125,3650.735498225,-877.0815724185,3591.52670852,4468.6082809400008,-1079.26491537,17292.167777525,4858.2190119725,4025.4653369375,830.60259021524992,44.990841665325,4060.128609895,1545.7544756825,2512.19943481,-1004.425120209,2802.1064566825,3806.531576895
2029,36010.049114725,35996.0577891,35913.578818100004,25627.725605975,25635.57325655,25558.9668613,20005.0133284,174.866086722,146.1623364025844,62.214604641148632,4.3354988666684696,0.2694173921230336,19935.4172665,109.3027533275,137.07053372225,114.912039450689,86.82765767872784,0.329,138.59896954425,138.16763089,129.12120322775002,354.26797153175,361.8993317675,193.95935906975,651.38997732399992,140.50821360775,196.32962126375,61.1743687964,62.170764087575,64.69946281834768,3.7398425925925928,478.90663770925,204.30530893974548,4.410596448385,174.96699310624998,174.79027762375,62.2509336821,62.2182119534,167.24996294375,167.08105053475,162.00661564325,124.5856434195,107.8859201835,281.06740001967376,280.93117533129248,137.2432819915,4.3241613063675008,3.201116349075,3.389762269365,36013.89514735,30697.0537663,18487.122252549996,15159.868177825,9003.8262938324992,67.261539193725,2437.31921177,1237.3002421199998,2840.075157915,2421.8701428275,4205.87900576,3635.182264425,24365.794217275,6528.7683108875,5017.0516253875,1448.0729700025,63.6437154978,5937.8313526675,2163.3369691224996,3774.4943835475,-822.34476607825008,3740.2569308,4562.601696875,-1061.105949705,17579.57200135,4971.9683321775,4122.268356945,847.3049635755,47.115404431075,4065.6179994375,1540.2833072875,2522.7612039249996,-955.981916058,2866.5043346049996,3822.4862506625
2030,37390.67294925,37346.981516875,37380.198134825,26083.665160625,26071.0584747,26076.26759195,20411.643068725,175.6487847915,148.45601409208836,62.1406976824522,4.3084052713460256,0.028718715788647596,20398.5400724,109.89484403475,140.25441321099998,116.26166581623314,88.36605281207616,0.329,141.42498734725,140.995752288,131.96607843125002,362.29764779975,370.08027423550008,197.80609260975,671.61221729525008,143.34506977999998,202.19433323575,63.555406111425,64.5739842581,66.86735958217692,3.7045925925925928,496.268321994,200.839125855164,4.3168460875275,175.75247808575,175.67781865500002,62.1782534881,62.156828700075,168.1655579485,168.09412589300002,162.52690071475002,126.64134450325,108.466562719,282.65922614481776,282.636529021605,138.33731632175,4.34008738834,3.1867210141499996,3.3885213201575,37396.0461874,31942.60375665,19230.624294175,15760.505602875,9357.16957694,66.864065731274992,2548.4415461675,1258.4978688925,3026.2606566149996,2457.1054395325,4292.3077535025008,3711.9389700325,25339.144386875,6747.659701685,5173.3932785075,1504.7706489575,69.495774222725,6091.7134068324992,2193.4510079225,3898.26239891,-787.8445461525,3896.44571047,4684.2902566249992,-1061.948240495,17916.458766849998,5069.513108015,4210.472176475,856.81077836425008,50.385370747425,4066.7488918375,1531.5090157924998,2532.08448074,-925.1409870395,2933.563240685,3858.704227725
2031,38812.82062305,38744.570593825,38881.1394376,26548.025875825,26519.260727075,26594.68189495,20830.94620745,176.49918389800002,150.67796558575376,62.085364668614272,4.2828205137923432,-0.17515824610671026,20866.979480525004,110.49660177575,143.37299137374998,117.63460503927186,89.903081317315136,0.329,144.25680692275,143.8261269485,134.85692182725,370.48388360575,378.44540124624992,201.70861894175,692.52486560325,146.1945827145,208.18057014125,65.467377620324992,66.5235510304,68.73711951743748,3.609194444444444,514.36387447825008,198.1232756064544,4.2832382463625,176.57107698175,176.53113190925,62.1100855033,62.096028097725,169.00813332249998,168.96989951775,163.05534574225002,128.73090054600002,109.06379608425,284.28741849856924,284.28743617141824,139.32203335025,4.349939158255,3.1762755196475,3.3866131854475,38818.8337549,33259.506411825,19993.034652475,16371.401069099998,9747.7719909424992,66.894669738475,2662.3726711600004,1281.8805721449998,3201.90227098,2534.7218069175,4432.9001020925,3836.05634945,26353.965131700004,6977.4360559475,5353.8922923525,1548.52208759,75.0216760102,6246.8380020375,2220.8950907275004,4025.94291131,-765.41856665224992,4061.746439515,4827.16500617,-1071.7500018475,18268.260717325,5171.9980139825,4316.5586892249992,858.02155428374992,53.309469451875,4066.6227789925,1521.0723450075,2541.6604651275,-905.29318177074992,3004.3331138100004,3909.6262955825
2032,40276.52654225,40186.858368575,40409.73997335,27015.917406825,26973.70479645,27105.2199163,21259.268048,177.30453078874998,152.87306865428746,62.030516582633096,4.2606714909017248,-0.32928334810103376,21333.5980757,111.04564283775,146.50561350575,119.01573391297836,91.459079919162032,0.329,147.11555304025,146.68252207199998,137.7984391855,378.8476320065,387.010553804,205.68283633175,714.0603773645,149.08047235750002,214.32028941525,67.192028466924992,68.285167361925008,70.517310945956456,3.5018425925925928,533.164289969,196.39734761237592,4.2606462841749992,177.35034234725,177.32402509425,62.046437257425,62.037213254725,169.79408373450002,169.76888794224998,163.59018939675,130.85484324750002,109.60957621725,285.834968251884,285.83503861755024,140.182448991,4.35777646049,3.1529491159775,3.3671520284225,40282.903877599992,34654.0922967,20770.674785875,16990.016642625,10181.025350375,67.183632414625008,2777.39178889,1311.1480878500002,3383.8399140025,2641.4619272424996,4614.0245372825,3997.492392895,27369.4595773,7210.552423065,5560.1054260625008,1570.036286015,80.41071099105,6414.243834135,2254.715609245,4159.52822489,-717.7292922555,4225.9541234875,4943.68341574,-1054.28091174,18603.533964325,5274.1299953325,4440.438327725,847.211180564,56.055333893,4072.53372697,1515.7222979550002,2552.3213180125004,-868.24550217849984,3073.3595126825,3941.6050148625
2033,41795.930302925,41692.362482825,41974.657384,27492.586231725,27442.3951834,27610.1204663,21702.653644425,178.06211318425,155.05821536558358,61.986989658172584,4.2403360216822728,-0.42559442258057464,21800.717089225,111.5590339345,149.7171288735,120.38429880373598,93.031580515848224,0.329,150.01385213275,149.5785041975,140.79449751499998,387.3971400565,395.77764811275,209.73418312175,736.253294924,152.02210925175,220.6303890175,68.95043644965,70.076672027325,72.337726028774736,3.3762499999999996,552.68695194425008,195.05130436064356,4.2403150381625,178.06583986200002,178.04846181375,61.9879177341,61.981864904925,170.5152979275,170.498656882,164.12954561724998,133.0137983145,110.1178172785,287.25903911013348,287.25904976259676,140.9471236295,4.3650227348225,3.1356930693500004,3.35053325319,41802.591590175,36089.32907375,21567.856133875,17621.8735528,10623.0708539,67.654363798475,2893.3159246175,1348.2266237275,3550.2772078850004,2763.5967338425,4806.8813283875,4163.7399271225,28436.410872,7454.3390597874992,5781.9894932000008,1586.354749585,85.9948170051,6591.300319805,2295.4389128625,4295.8614069449992,-686.1199486375,4388.4918900675,5074.6118387075,-1046.16740046,18955.275126,5381.9288308625,4574.1414514825,834.3416928175,58.841058287825,4080.0767695075,1512.937501985,2562.1594673925,-847.42418072924992,3140.307405395,3987.7315861225
2034,43373.322752575,43259.853552475008,43582.12490795,27979.263378825004,27923.989509075,28113.94030465,22160.240299775,178.79549525675,157.24007445659128,61.967579494026264,4.2197727728100952,-0.47898366713298168,22272.360168724996,112.05686767975,152.99307369299998,121.75152621501294,94.62202217606304,0.329,152.95931253424998,152.52207496899998,143.8481799145,396.1391797645,404.74906932399992,213.86662325825,759.10759936575008,155.01539931725,227.1213594765,70.749789221,71.907678864525,74.200130705424192,3.4159166666666668,572.88637392575,193.38851030830004,4.21975561811,178.71629775925002,178.704829397,61.939954968325,61.935982761125008,171.17491691075,171.16393256925,164.671530574,135.20838980975,110.60731385225,288.53158817971496,288.53157393511172,141.67360451899998,4.3726943907900008,3.1257431553425,3.341171942985,43380.2491251,37573.576106075,22387.687245175004,18273.84592465,11095.031242625,68.263574063549992,3012.1781951725,1390.8941223524998,3727.87600206,2895.8193489625,5014.7414043175,4340.7414813449992,29571.7634017,7710.61202931,6005.7573849525,1613.47076005,91.383884312375008,6772.211001435,2338.1814435325,4434.0295579075,-681.26367988625,4551.5974433525,5232.86112324,-1060.9361756875,19332.5244392,5495.7308887325,4706.5712883875,827.2932701975,61.400239508625,4086.2098540575,1510.36074532,2570.404383565,-848.477838473,3205.2482344025004,4053.726072875
2035,45011.4996755,44889.93588115,45236.4469856,28475.136384600004,28416.13748775,28617.44008575,22631.15593945,179.50415475475,159.42428480003684,61.968170537867232,4.1983337692970648,-0.49725502489120224,22748.47179655,112.537186495,156.35559009125,123.11578524816614,96.232277337784592,0.329,155.95673437125,155.51819765049998,146.96223411950002,405.07963552250008,413.92779779375,218.08414472425,782.64733620275008,158.06875366225,233.8010748045,72.414867088925008,73.606481924424992,75.930866716789264,3.5091388888888888,593.8214754555,192.1834364299906,4.1987860620525,179.32514312625,179.31757952675,61.906624327100008,61.904017277225,171.7956737415,171.78842777525,165.21431729475,137.43926097349998,111.07652621675,289.670398177025,289.67037770392448,142.36801362325,4.3801374989875,3.1197712167699996,3.3358252187949996,45018.69197085,39101.8976433,23232.310421424996,18948.235700024996,11573.92875605,68.974454231975,3134.7146932575,1437.59429217,3897.0514658725,3035.5938505100004,5232.484518435,4525.0150666775,30745.4327304,7999.2680325925008,6240.18198352,1662.495107775,96.590941301225008,6958.5596995725,2385.0192899550004,4573.5404096175,-691.76078706675,4713.37945724,5405.1402443075,-1089.1292554674998,19713.474616275,5628.2949794550008,4844.3439215225,830.7491281265,63.752759923750008,4091.82501928,1509.963208575,2576.1743697075,-861.7031926305,3268.1339400925,4129.837132725
2036,46712.1423975,46580.4693884,46946.700842375,28978.7745276,28914.959827925,29124.2870617,23112.0345183,180.1769989105,161.64201296680222,61.979752264924288,4.1769325162235568,-0.49962516000144064,23231.22694415,112.9941285535,159.84106159275,124.484687268313,97.877074941898528,0.329,159.00936878875,158.5701333735,150.13915538449998,414.22385442425,423.31731065725,222.38915825675004,806.89541766474992,161.19002354725,240.676229863,73.866660194225008,75.091441763974992,77.451919841408272,3.5806388888888888,615.53401594649992,191.23384482691856,4.17707138908,179.91029087975,179.9053140375,61.88756247415,61.88585116875,172.39531933325,172.39055041375002,165.75614446149998,139.743189537,111.52081587775,290.705100080467,290.70509598205428,143.03298683399998,4.3867878192775,3.1164905198325004,3.333043715365,46719.607798025,40670.744734375,24106.326156375,19649.57498305,12053.770911025,69.75907577245,3260.906388985,1487.79392853,4054.9677705525,3180.3437471925,5459.17514672,4718.063325,31989.63122405,8310.252660775,6488.8636708475,1720.5139866325,100.87500329485,7153.886600695,2438.5411206825,4715.34548001,-741.62808802175008,4873.547052625,5615.17514065,-1158.8633214225002,20117.4639481,5771.9368047325,4990.6636578,837.353706034,65.44184918745,4098.570093485,1512.8721059475,2580.0677496825,-905.4956455275,3328.6338784975,4234.129524025
